Recipe_URL,Steps
https://www.10000recipe.com/recipe/6897164,"['이웃분이 주고가신 밤', '밤을 깨끗이 씻어요', '냄비에 넣고 물은 밤의 2/3 넣어요.', '센불에서 물이 끓으면 중불로 20분 약불로5분 불끄고 3~5분 뜸들여요.모든과정은 뚜껑 꼭 덮고 저보다는 큰냄비 사용하세요', '밤이 잘 삶아졌습니다.', '물이 아예 없도록 삶아주면 됩니다. 물을 넘 많이 넣으면 밤맛이 덜해요. 냄비 닦을일이 귀찮지만, 살짝 타도 군밤처럼 맛있어요.', '밤보관법은 밤은 받자마자 (껍질째 보관하면 벌레생겨요)1.겉껍질을 홀랑까서 비닐팩에 넣어 김치냉장고 보관2.겉껍질 속껍질 모두 벗겨서 냉동보관합니다.*저는 위의 두방법대로 보관하고 있고요. 찾아보니 소금물에 2~3시간 담갔다 건져서 비닐팩에넣어 냉장보관하라고 하시네요.']"
https://www.10000recipe.com/recipe/6867256,"['콩나물은 흐르는 물에 여러 번 조심스레 씻어준 뒤 체에 밭쳐 물기를 빼둡니다.당근은 색내기용으로 조금 넣어줬어요. 안 넣으셔도 무방합니다.대파도 송송 잘라 준비합니다.', '냄비에 물이 끓기 시작하면 소금 반 큰 술과 콩나물을 넣어줍니다.콩나물은 센 불에서 팔팔 끓여주시고요. 데치는 시간은 양에 따라 달라지는데요. 보통 4-6분 사이가 적당하다고 하니 참고하세요!뽕림이는 5분 정도 삶아주니까\xa0딱 좋더라고요.', '데친 콩나물은 체에 밭쳐 물기를 충분히 빼주세요.', '어느 정도 물기가 빠졌다면 볼에 콩나물을 넣고, 채 썬 당근, 대파를 넣어줍니다.', '그리고 나서 고춧가루 2 큰 술, 소금 적당량, 다진 마늘 반 큰 술, 깨소금을 적당량 넣어주세요.', '진간장도 한 큰 술 투척한 뒤 콩나물 대가리가 떨어지지 않도록 조심스레 섞어주세요.', '마지막으로 참기름 한 큰 술 두르고 조물조물해준 뒤 맛을 봐주세요.약간 싱거우시다면 간장 또는 소금으로 간을 해주시면 됩니다.', '저는 딱 좋더라는 ^^', '이렇게 10분 만에 완성된 초간단 콩나물무침!오늘도 백종원 아저씨의 레시피 덕분에 힘들이지 않고 반찬 하나 뚝딱 만들었네요 ^^']"
https://www.10000recipe.com/recipe/6905196,"['콩나물은 누런부분과 껍질부분 제거하고 두세번 세척후 소쿠리에 받쳐줍니다. 미리 멸치다시마육수 500ml도 준비해주세요~', '냄비에 씻은 콩나물을 넣고 멸치다시마육수 500ml를 넣은후 물 700ml를 넣고요~준비된 육수가 없을 때 쓰기 좋은 한알 육수 보러가기!', '센불로 켠후 끓으면 중약불로 줄여 5분동안 끓여줍니다.뚜껑은 처음부터 계속 열고 끓일겁니다', '5분경과후~ 다진마늘1/2T. 다진파5T. 국간장1T. 멸치액젓1T를 넣은후~ 한번 바글 끓인후 간을 보셔서 싱거우면 소금간을 추가하세요~ 저는 소금1/3T정도 넣었습니다.소금은 기호에 맞게 넣으시면 됩니다.']"
https://www.10000recipe.com/recipe/1785098,"['돼지고기는 분량의 양념을 넣어 조물조물 해주신후 30분 이상 재웁니다.', '냄비에 썰어둔 김치와 밑간한 돼지고기, 김칫국물 5큰술, 참기름 1작은술을 넣어 약불에서 3~5분간 충분히 볶아줍니다.', '돼지고기 자체에 지방이 붙어있으니 참기름은 많이 넣지 않으셔도 된답니다. 이렇게 충분히 볶아주세요~.', '충분히 볶아진 김치에 물 1컵을 넣어 끓여줍니다.', '물 1컵을 넣어 보글보글 끓여준후 나머지 1컵을 더 부워주도록 합니다. 물을 한꺼번에 부워서 끓이는것보다 이렇게 나눠서 끓여주면 국물맛이 더욱 좋아진답니다.', '보글보글 국물이 끓으면 여기에 양파와 두부를 넣어줍니다.', '국간장을 넣어줍니다.', '모든 재료가 한데 잘 어우러졌다면 다진마늘과 어슷 썬 고추 1개를 넣어줍니다.', '부족한 간은 소금으로 해주시고 대파와 나머지 고추 1개를 더 넣어 한소끔 더 끓이신후 마무리 합니다.']"
https://www.10000recipe.com/recipe/6845428,"['팬에 불을 켜지않고 핏물을 키친타월로 가볍게 제거한 돼지앞다리살1근을 넣고 마늘반스푼, 간장1스푼, 후추가루약간을넣고 조물조물 재워주세요', '고추가루2스푼, 진간장1스푼, 마늘반스푼, 물엿1스푼, 매실액2스푼(없으면 설탕2/3수저로대체), 고추장크게1스푼,후추톡톡해서 양념장을 만들어주시고', '파와 양파 당근등 기호에맞는 채소를 손질해서 준비해주세요당근 손질법 레시피\u200b', '센불에 고기를 볶다가 반정도 익을때쯤', '당근 양파등을 먼저 넣어 센불에 볶아주세요( 약한불에서하면 물이나올수있어요!)', '양파가 반투명해질때쯤 준비된 양념의 2/3을 넣어 볶아줍니다양념이 들어간뒤로 탈수있으니 중불로 줄여주세요', '고기가 익고난뒤 간을 한번보시고부족하면 나머지 양념장을 다 넣어주세요 (전다사용했어요!)', '불끄기3분전나머지 고추와 파등을넣어 센불로 볶아주시면 끝!', '예쁘게 담아서 맛있게드세요 :)']"
https://www.10000recipe.com/recipe/6891526,"['먹기 좋게 한 입 크기로 도톰하게 썰어주고 키친타월을 이용해 물기를 제거하고 그 위에 소금을 뿌려 밑간을 해주세요. 물기를 제거하고 소금으로 밑간을 해주면 두부가 단단해진답니다. 그리고 나중에 조리할 때 양념이 겉돌지 않고 않아요.', '양념장을 만들어주세요. 다진 대 파3,다진 마늘 0.5를 넣어주고 이때 대파를 넉넉하게 넣어주면 양념 맛도 순해지고 감칠맛도 좋답니다.', '나머지 양념재료인 고춧가루 1, 간장 3, 맛술 1, 설탕 0.5, 참기름 1을 모두 한데 넣고 고루 섞어주세요.', '달군 팬에 식용유 평소 보다 조금 넉넉하게 두르고 물기를 빼놓은 두부를 넣어 앞, 뒤로 노릇노릇하게 부쳐주세요.', '두부가 전체적으로 노릇하게 부쳐지면 준비해 놓은 양념장을 숟가락을 이용해 조금씩 떠 두부 위에 고루 얹어 주세요.', '그리고 양념장 담은 볼에 물(종이컵 기준) 1/4을 담아 전체적으로 조금씩 끼얹어 주세요', '불은 중불로 해주시고 국물을 숟가락으로 떠 두부 위에 끼얹고 두부를 한 번씩 뒤집어 가며 자박자박하게 조려 마무리합니다.', '두부조림 완성 ^^']"
https://www.10000recipe.com/recipe/6903507,"['양배추, 당근, 양파, 파(준비량의 반)는 길쭉하고 굵게, 고추도 어슷큼직하게 썹니다. 오징어도 깨끗하게 손질해서 먹기좋은 크기로 썹니다.오징어 손질법 레시피', '팬에 식용유 3큰술과 송송썬 파를 넣은 후 불을 올려 볶아요. 파기름이 충분히 나오게, 노르스름해질때까지 볶습니다.센불', '파가 노르스름하게 볶아지면 오징어를 넣고 볶다가 설탕 1큰술을 넣어 볶습니다.센불볶는 시간을 최소로 합니다.', '마늘 1큰술 고추장 1큰술을 넣어고 볶습니다. 볶는 시간은 최소로 하세요, 마늘넣고 팬들어가며 섞어주는식으로 볶고, 고추장 넣고도 마찬가지로요.센불', '간장 5큰술, 고춧가루 3큰술을 넣고 볶습니다. 너무 뻑뻑한 느낌이 들면 물 반컵을 넣고 볶습니다.센불센불에서 단시간에 볶기 때문에 팬을 들어가며 조절해서 볶으세요.', '이제 준비한 채소를 볶던 팬에 전부 넣습니다.중불', '잘 섞어가며 채소의 숨이 죽지않게 단시간으로 볶다가 불에서 내리기 직전 참기름을 촤악~ 둘러주고 끝!!', '그릇이나 달군 팬에 먹음직스럽게 담고 통깨를 솔솔 뿌려 상에 냅니다. 완성!입니다. 맛있게 드세요~']"
https://www.10000recipe.com/recipe/6845113,"['국거리용 소고기와 얇게 나박나박 썬 무를 준비해주세요. 무는 얇게 썰수록 조리시간이 줄어드니 조리시간 감안해서 썰어주세요.기호껏 고기와 무 양을 조절해주시면 된답니다.', '참기름 2T 넣고 중불에서 소고기를 먼저 볶아주세요.', '참기름 넣고 볶다가 고기가 살짝 덜 익었을 때 국간장 4T 넣고 볶아주세요. 국간장을 고기 볶을 때 넣어서 의아해 하셨죠 ? 이것이야 말로 저만의 비법!고기에 간이 베여서 나중에 국물에도 진한 맛을 내주거든요. 다른 간이 전혀 필요없어요. 국간장은 염도의 차이가 있어 1~2숟가락 넣어보시고 마지막 단계에서 추가해 주세요.^^', '소고기가 맛있게 달달 볶아지면, 썰어둔 무를 넣고 볶아주세요.', '미리 끓여둔 멸치육수를 조금 붓고 뚜껑을 덮어 센불로 끓여주세요. 같은 방법으로 3번 반복해서 끓여주세용 :)여기서 포인트는 한번에 육수를 다 넣지 않고 육수를 3번 나눠서 조금씩 넣고 끓인다는 점 ! 무와 소고기의 맛이 국물에 진하게 우려나오도록 하기 위한 방법이에요.', '뚜껑 닫고 팔팔 끓이다보면 ! 고기에서 나오는 거무스름한 거품이 생기거든요, 거품을 제거해주세요.', '간마늘 1T, 대파 1개를 송송 썰어 소고기무국에 투하! 간마늘 향 강한거 싫으시면 0.5T 줄여서 넣어주세요.', '푹 끓여주면 소고기무국 완성이요 :)전 미리 끓여둬서 불 끄고 식혔다가 신랑올 때쯤 다시 끓였더니 더 깊은 맛이 나고 맛있었다는! 그리고 무엇보다 멸치육수 덕분에 더 구수하고 깔끔한 맛이 났지요.']"
https://www.10000recipe.com/recipe/6893285,"['먼저 무는 깨끗이 씻은 후 가늘게 채 썰어주세요. *최대한 가늘게 채 썰어주셔야 양념이 잘 배고요. 무 껍질은 벗기셔도 되고 안 벗기셔도 됩니다 :)', '고춧가루 2 큰 술을 넣고 바락바락 문질러 무를 빨갛게 물들여주세요.', '다진 마늘 1 큰 술, 설탕 1 큰 술, 오미자청(또는 매실청) 1 큰 술, 식초 2 큰 술을 넣어주시고요.', '이어서 액젓 2 큰 술, 소금 적당량을 넣고 조물조물 무쳐 맛을 봐주세요. 약간 싱거우시면 소금을 더 넣어주시고요. 새콤한 맛을 더 느끼고 싶으신 분들은 식초를 조금 더 넣어주세요 :) 마지막으로 통깨와 송송 썬 대파를 넣고 가볍게 섞어주기만 하면 무생채 만드는 법, 끝 ~♩']"
https://www.10000recipe.com/recipe/6868260,"['쪽파는 깨끗이 다듬고 흐르는 물에 깨끗이 씻어주세요. 물기를 제거해주세요.', '설탕2.5Ts,고춧가루 15Ts,물10Ts,멸치액젓15Ts,다진마늘3Ts를 만들어 놓고', '쟁반에 파를 조금씩 잡고 골고루 조금씩 뭍혀주세요. 머리부분에 더 꼼꼼히 발라주셔야 좋아요.머리부분 두꺼운건 전 칼로 갈라서 했어요.', '먹기좋을 정도로 돌돌말아주셔도 좋고 그냥 펴서 켜켜히 담고 살짝 눌러주세요.']"
https://www.10000recipe.com/recipe/6915139,"['돼지고기는 물에 담가 약 30분간 핏물을 빼주세요.', '육수용으로 준비한 양파,월계수잎,대파,된장,통마늘,통후추,미림을 모두 넣고 물을 팔팔 끓여주세요.아직 돼지고기는 넣지 말아주세요.', '돼지고기는 수육용 앞다리살을 준비해도 좋고 삼겹살을 준비해도 좋아요. 앞다리살은 삼겹살보다 기름기가 적어요. 저는 앞다리를 준비했어요. 빨리 익히기 위해 절반을 잘라주고 시작했는데요 속까지 골고루 잘 익기 위해 한 토막당 칼집을 2-3번 내주세요.', '물이 팔팔 끓어오르면 고기를 투하해주세요. 여기서 고기는 껍데기쪽부터 넣어주는게 좋아요. 돼지고기가 물에 잠길정도로 물이 넉넉해야해요.강불물이 끓은 후 넣어주어야 육즙이 도망가지 않아요.', '백종원수육 맛있게 삶는법 포인트는 바로 삶는시간인데요 먼저 물이 고기를 넣고 물이 다시 팔팔 끓어오르면 강불에 20분 중불에 20분 약불에 25분으로 1시간정도 끓여주면 끝이에요. 번거로우면 처음부터 중불에 40분정도 끓여줘도 좋아요. 잡내가 날아가라고 저는 뚜껑을 열고 삶아주었어요.이때 꼭 재료가 물에 잠기도록 해주는게 골고루 잘 익히는 방법이에요.중간중간 골고루 익도록 뒤집어주면 훨씬 좋아요.', '시간이 지나니 물이 졸아들면서 된장으로 인해 색깔도 예쁘게 물들었죠? 익었는지 안익었는지 확인하는 법은 젓가락으로 고기를 깊숙히 찔러보았을 때 핏물이 나오지 않으면 다 익었다는 증거에요. 보통 1시간이면 속까지 완벽하게 익더라구요', '맛있게 익은 수육은 두툼하게 썰어주세요.']"
https://www.10000recipe.com/recipe/6876357,"['닭 한마리를 준비 합니다 저희집은 가족이 5명이라 두마리를 준비했어요 대식가거든요 ㅎㅎ', '당면을 물에 불려 줍니다', '닭을 깨끗이 씻어 손질 해 줍니다', '닭 사이사이 붙어있는 기름을 제거해주면 좋아요', '잡내를 없애기 위해 우유에 30분정도 담가 둡니다', '지금부터 이부분은 해도되고 건너 뛰어도 되는 과정 인데요닭을 한번후루룩 끓여 줍니다', '닭끓인 물을 버리고 차가운물로 헹궈줍니다 이부분에서 제가 두가지를 해봤는데요 1.닭을 우유에 담갔다가 씻은후 삶지않고 조리한경우 2.닭을우유에 담갔다가 삶아서 조리한 경우 한번 삶아서 육수를 버리고난 닭볶음탕은 깊은맛이 없더라구요닭의 잡내를 잡아주는건 좋은데 그냥유유에만 한번 담가주는 방법이 훨씬 진하고 맛있다는 사실 ㅎ 무튼 취향대로 하시면 좋을것 같아요~~^^', '고기를 냄비에두고 닭한마리기준 간장9~11 고추장4 고춧가루2 양파갈은거1/2 마늘5알 요리당6 청주1 후추약간 액젓1액젓을 넣으면 감칠맛이 살아나요. 단, 싱겁게 드시는 분들은 간장을 줄이시고 액젓을 추가해요.', '이렇게 양념소스를 만들어 주세요 요거 진짜 맛집 하고 거의 흡사한 맛이에요 맛집은 낙지나 새우를 첨가해 주기도 하죠!', '냄비에 양념장과 육수600ml를 넣고 한소끔 끓여 줍니다 물대신 육수를 넣어주시면 좀더 감칠맛이 나는데 물로하셔도 맛있어요 육수는 물로 대체 가능물은 당면 넣지 않을때 400ml, 넣을때 600ml를 넣어요.', '그사이에 야채손질을 해주시는데요 감자는 모서리를 깎아서 넣는게 좋아요 그렇지않으면 감자가 으깨져서 국물이 텁텁해 질수가 있거든요 깎고 남은 감자는 된장찌개에 넣으시면 좋아요', '한소끔 끓을때 감자를 넣어 뚜껑을 덮고 중불에 30분정도 끓여 주세요', '대파 양파 당근 고추를 적당한 크기로 잘라 준비해주세요', '이제 어느정도 닭과 감자가익었네요', '나머지 야채를 넣고', '한번더 끓입니다 국물이 넉넉한게 좋으신 분들은 육수를 조금더 추가하고 양념도 살짝 추가 하시면 됩니다', '아까 준비해둔 당면을 살짝 삶아 첨가해주세요 삶지않고 충분히 불려서 넣으셔도 됩니다 불릴시간이 없으시면 삶아서 넣어주세요 당면은 안넣으셔도 상관 없어요 참기름 후추(선택가능)도 살짝 첨가해주심 끝']"
https://www.10000recipe.com/recipe/6897261,"['오이는 동글동글 모양살려 썰어 소금에 잠시 절여 둡니다', '절인다기 보다는 양념 준비하는 동안 잠시 소금에 절인다 생각하면 됩니다', '고추장(1T), 고춧가루(1T), 설탕(1T), 올리고당(1T) 다진마늘(1/2T), 간장(1T), 식초(1.5T), 참기름(1T), 통깨(1T) 섞어 양념장 만들어요', '물기 꼭 짜 주고', '슬라이스한 양파도 넣어요', '준비한 양념장 넣고 무쳐 냅니다', '새콤달콤 맛있는 오이무침 완성입니다 수분을 꼭 짜고 무친 것이라 꼬들꼬들 아삭함이 좋은 오이무침 입니다 맛있어요 ㅎ']"
https://www.10000recipe.com/recipe/4164229,"['저는 손질되어있는 냉동 꽃게를 사용했습니다.', '사진정도 크기의 12토막을 깨끗이 씻어 준비하고...', '분량의 양파, 호박, 대파, 청고추를 사진처럼 썰어서 준비합니다.', '분량의 고추장, 집된장, 고춧가루, 소금, 국간장, 다진마늘을 잘 섞어서 양념장을 만들고...', '물1000ml를 끓인후에.. 준비해논 양념장을 풀어줍니다.', '그런다음, 준비해논 꽃게와...', '양파, 호박을 넣고 5분가량 끓여줍니다.', '끓이는 중간중간에 거품은 거둬 내고...', '마지막에 대파와 청고추를 넣고, 살짝 한번 더 끓여주면 완성입니다.']"
https://www.10000recipe.com/recipe/6883937,"['블로그에서 핫한 반응을 일으켰던 닭볶음탕이니 믿고 따라해주세요!파와 청양고추는 어슷 썰고 당근 감자는 큼직하게 썰어주세요', '양파는 반을 자른 후 사각으로 썰어주세요', '고추장2큰술 고추가루7큰술 설탕2큰술 국간장5큰술 마늘1큰술 넣고 소주잔으로 물1컵 넣고 섞어 주세요간장은 국간장이에요', '닭은 끓는 물에 살짝 데쳐냅니다 끓기 시작하면 5분 정도 데친 후', '물을 버리고 찬물로 불순물을 씻어주세요', '데친 닭을 깊은 팬에 넣고 소주 1컵을 부어줍니다 닭 잡내를 잡아줍니다', '당근 감자를 넣어주고 중간에 양념장을 올린 후 물 800ml 넣어주세요 계랑컵이 없으면 재료 끄트머리 2/3 정도만 넣어주세요', '강불에서 팔팔 끓어오르면 양념장을 섞고 강불과 중불 사이에서 익히세요', '국물이 반으로 졸았을 때 감자와 닭이 익었는지 젓가락으로 찔러 확인하세요화력이 모두 다르니 물이 너무 많이 졸거나 닭,감자가 안 익었다면 물은 뜨거운 물로 추가하셔도 돼요', '국물이 요 정도 있는 상태에서 대파 고추 양파를 넣습니다 국물 없게 조리는 건 비추구요 국물이 있게 졸여주세요', '대파 청양 고추 양파를 넣은 후 휘리릭 섞고 1분 후 불을 끕니다', '국물은 요 정도로 졸이면 돼요 아주 칼칼하기 때문에 국물이 있어야 밥도 비벼 먹고 맛있답니다', '국물을 매콤 칼칼하게 먹을 수 있어서 맛집 식당에서 맛보는듯한 닭볶음탕 레시피 완성! 양념장이 황금 비율이랍니다비율은 모두 지켜주세요 여러번 해보고 터득한 황금비율이에요^^황금팁은 양념장 비율과 야채 넣고 1분 후에 불을 끄는 것이랍니다', '국물을 많이 있게 졸이면 매콤한 국물닭도리탕 백숙처럼 부드러운 닭고기에 국물을 얹어먹을 수 있는 스타일 (국물이 매콤 칼칼) 취향에 따라 졸여주세요']"
https://www.10000recipe.com/recipe/6873683,"['키친타올을 이용해 소고기 핏물을 닦아주세요.덩어리 고기를 사용할 경우 수직 방향(고기의 결과 반대로)으로 썰어주세요.결대로 썰어주면 고기가 질겨져요.', '미역은 물 500ml(약 2.5컵)에 10분간 불려주세요.미역 20g은 이 정도.대충 가늠할 수 있겠지요?저울이 없는 분들은 사진 참고해서 양 조절해주세요.', '미역은 물 500ml(약 2.5컵)에 10분간 불려주세요.혹, 양 조절에 실패했다면 불린 미역은 냉동실에 보관해뒀다가 드세요.', '불린 미역은 가위를 이용해 먹기 좋은 크기로 잘라주세요.', '미역은 체를 이용해 건져주세요. 이때 미역 불린 물은 버리지 않고 미역국 끓일 때 물 대신 사용해주세요.엄마의 레시피..미역 불린 물 혹은 쌀뜨물을 넣어 미역국을 끓이는 거예요.국물의 깊이가 달라진다고 해야 할까요?조미료 하나 넣지 않고도 깊고 진한 맛의 미역국을 끓일 수 있어요.', '중불로 달군 냄비에 참기름 1큰술을 두른 뒤 다진마늘 1큰술과 소고기를 넣고 볶아주세요.', '소고기 겉면이 절반 정도 익을 때쯤 국간장 1큰술을 넣어 볶아주세요.', '미역을 넣고 푸른색을 띨 때까지 달달 볶아주세요.', '쌀뜨물 혹은 미역 불린 물 400mL(약 2컵)를 붓고 강불로 올려주세요.', '국물이 끓기 시작하면 물 1L(약 5컵)를 넣어주세요. 다시 끓어오르면 중약불로 줄인 뒤 15분간 끓여주세요.', '국간장 1큰술을 넣고 부족한 간은 소금으로 더해주세요. 엄마 손맛 가득한 미역국 완성입니다.']"
https://www.10000recipe.com/recipe/6879215,"['소고기 등심에 설탕 4스푼, 물엿 2스푼을 넣어요.', '거기에 매실액(저는 깔라마시 꿀로 대체)다진마늘 3스푼, 간장 12스푼 후추 약간을 넣고 주물러 양념이 배게 해줍니다.', '여기에 참기름 1스푼을 넣고 주물러 30분 기다려줘요.', '기다리는 동안 야채와 버섯 손질도 샤샤샥^^버섯 손질법 레시피', '재워 둔 고기에 야채를 모두 넣고 참기름을 2스푼 더 첨가한 뒤 섞어주고 센 불에 구우면 끝!!', '아아, 제가 했지만 너무 맛있어요 ㅠㅜ ㅎㅎㅎ 혹시라도 고기 냄새에 좀 민감하시면 청주나 맛술 한스푼 추가 추천해요~밥에 올려서 촵촵 정말 맛있게 먹었어요 :)']"
https://www.10000recipe.com/recipe/6840027,"['감자 칼로 연근의 껍질을 벗겨주세요.', '그리고 적당한 두께로 잘라주세요. 자르시고 물에 한번 깨끗이 씻어주세요.', '냄비에 연근을 넣고 식초 3T를 넣어줍니다. 식초를 넣는 이유는 연근의 아린맛을 없애주려고 넣어요. 소금 1/2T도 넣고 연근이 반쯤 익을때까지 삶아줍니다.', '연근을 식초 넣고 한번 삶아주면 조릴 때 더 편하겠죠? 체에 받쳐 물만 버려주세요.', '물 600cc, 간장 20T, 설탕 15T, 물엿 10T, 깨를 넣고 양념장을 만들어주세요. 20큰술 이라니깐 많아 보이죠? 숟가락으로 넣다보면 안많아요!^^ *대용량 주의*', '냄비에 연근과 양념장을 넣고 센불에서 끓이시다가 어느 정도 물이 졸아 들면 중불로 바꾸시고 졸여주시면 됩니다.', '거의 다 졸아 들때쯤 마무리로 물엿 한큰술 넣어주시면 윤기 좌르르~~~ 깨도 한번 더~!! 완성!!', '아작 아작 달콤 짭쪼름~~ 너무 좋아 연근 조림♡ 단짠 단짠 단짠! 진리입니다!']"
https://www.10000recipe.com/recipe/6885185,"['애호박, 청양고추, 양파, 감자는 먹기 좋게 썰어주세요. 전 고구마를 사용했어요.', '돼지고기도 원하는 양만큼 준비하시고 먹기 좋게 썰어주세요.', '냄비에 참기름 2큰술과 고추장 2큰술을 넣어 약불에 볶아줍니다.', '참기름과 고추장을 잘 볶아준 뒤, 돼지고기와 다진마늘 1큰술을 넣어 조금 더 볶아주세요.', '고기에 양념이 잘 버무려지듯 볶아지면, 고춧가루 1큰술도 넣어 같이 볶아주세요.', '감자, 청양고추, 양파, 애호박을 넣고, 물 한컵 반을 넣어 졸여주세요.', '간장 3큰술, 설탕 1큰술, 올리고당 2큰술, 소금 두꼬집을 넣어 졸여주세요.', '야채가 잘 익을때까지 중불과 약불을 번갈아가며 졸여주시면 끝.']"
https://www.10000recipe.com/recipe/6836180,"['멸치 한줌과 다시마 5센티정도로 두장 , 양파 반개 , 대파 두조각 , 무우 반조각을 함께 넣어 우려줬어요. 멸치랑 다시마로만 우려내셔도 괜찮으신데요. 무우랑 대파랑 양파가 들어가면 육수맛이 더 좋아져요. 시원함도 생기구요.', '센불에 물이 끓어오르면 다시마를 꺼내주신 다음 15분~20분간 중불로 더 끓여주세요. 그리고 국간장 1스푼넣어 간을 해주세요. 1400ml 넣었을때 딱 1스푼이 딱이더라구요.', '당근과 , 호박을 채썰어 후라이팬에 살짝 볶아주세요. 전 살짝 소금간도 해줬네요.', '계란 1개를 골고루 풀어 약불로 후라이팬에서 익혀주세요. 흰자 , 노른자 따로 해주셔도 상관없으세요. 전 섞어서 길게 지단을 준비해주었어요. 취향에 맞춰 만들어주시면 되세요.', '양념장을 만들어주세요. 간장 4스푼 , 고추가루 1스푼 , 다진고추 1스푼 , 다진마늘 0.5스푼 , 다진대파 1스푼 , 매실액 1스푼 , 참기름 1스푼 , 깨 1스푼을 넣어 만들었어요요. 양념장도 사람들마다 만드는게 틀리다죠. 요렇게 들어간 것이 제 입맛에 딱 맞는 양념장 황금레시피 에요. 혹 부족한 것은 입맛에 맞춰서 조절해주시면 되시구요.', '끓는 물에 국수를 삶아 주세요. 500원 동전만한 양이 1인분이라니 분량에 맞춰 주시면 되세요. 끓어오를때 넘치는데요 그럴때 찬물을 조금씩 넣어주면서 삶으시면 면이 쫄깃해져요. 넘쳐흐르지도 않고 딱 좋죠. 보통 국수봉지엔 4분 삶으라고 나와있던데요. 요렇게 찬물을 조금씩 부어주면서 삶다보면 6분정도가 딱 잘맞게 익는 것 같아요.', '삶은 국수는 찬물에 헤우거주세요. 면발이 더욱 더 쫄깃 탱탱해지도록 말이에요. 체에 받쳐 물기도 좀 빼주구요.', '면을 제일 먼저 담고 고명을 올려준 다음 육수를 담아주시면 완성이에요.']"
https://www.10000recipe.com/recipe/6885349,"['먼저 고구마는 보통크기 2개정도, 작은건 3개정도의 분량으로 준비했어요.', '고구마는 감자칼로 껍질을 벗긴후한입 크기로 듬성듬성 썰어줍니다.도마,조리용나이프', '전분기를 제거하기 위해찬물에 5분정도 잠시 담궈주구요.믹싱볼,채반', '키친타올로 물기 제거 후팬에 기름을 두르고 고구마를 구워줍니다. 이게 바로 튀기지 않고 만드는 방법이죠!튀기지 않는 대신 구워주는거에요 :키친타올,프라이팬,요리스푼', '앞뒤옆면이 고루고루 익을수 있게뒤적뒤적 해줍니다. 약불로 슬슬 구워주면 타지않고 익을때까지 구울수 있답니다. 익은지 확인하는 방법은젓가락으로 찔렀을때 쏙- 들어가면 익은거에요!', '부드럽게 잘 익은 고구마는 키친타올위에 올려놓고 기름기를 제거해 줍니다. (이대로 먹어도 참 맛나답니다)키친타올', '팬에 물 3스푼, 설탕 3스푼올리고당 2스푼을 넣구요. 절대 섞지말고!!그대로 약불에서 끓여줍니다.프라이팬', '저절로 완전히 끓을때까지 두다가색이 변하기 시작하면 그때 구워둔 고구마를 넣어 섞어줍니다.', '튀기지않아 건강에 나쁘지도 않고! 남녀노소 간식으로도 넘 좋은고구마맛탕 만들기 완성♥']"
https://www.10000recipe.com/recipe/6832126,"['무는 깍둑깍둑 깍둑썰기 해주세요~ 소금에 절여지면서 줄어드니까 너무 작게는 썰지마시고요.', '고춧가루 5T 넣어 색을 먼저 입히고~ 버무려주세요.', '나머지 양념넣고 버무려주세요. (천일염3T, 설탕3T, 다진마늘2T, 멸치액젓2~3T, 파)', '끝이예요! 너무 간단한가요? ㅎㅎ 소금에 먼저 절이기도 하지만 이정도양은 그냥 같이 버무려도 괜찮더라고요~', '버무려서 통에 옮겨담았어요~ 색도 빨갛게 너무 예쁘게 나왔어요. 하루 실온에 두고 다음날 냉장고에 넣어주세요. 초보인지도 모를 비주얼~ ㅋㅋ']"
https://www.10000recipe.com/recipe/6876068,"['껍질 손질이 안된 상태라면 데친 후에 껍질을 벗겨 주셔도 되고요 아님 윗부분을 살짝 꺾어서 밑으로 쭉 ~ 내려주시면 껍질이 쉽게 벗겨진답니다', '고구마줄기는 껍질 벗기면서 적당한 길이로 뚝뚝 잘라 주셔도 되고 데친 후 칼로 썰어 주셔도 되세요 양파는 채 썰어주세요', '손질이 끝난 후엔 냄비에 소금 1큰술을 넣고 끓기 시작하면 고구마순 투하 !', '3~4분 정도 데쳐서 찬물에 헹궈 물기를 제거해주세요', '그리고 팬에 다진마늘 1큰술과 식용유 2큰술을 두르고 볶고 마늘향이 올라오면 고구마줄기를 넣어 2분 정도 볶음 ! 뒤이어 양파도 볶아 주세요', '이제 간만 맞추면 끝 !! 국간장 2큰술로 간을 맞추고 진간장 2큰술로 감칠맛을 더하고 ^^', '참기름 1큰술과 들깨가루 2큰술을 넣어 고소함을 살려주세요', '모자라는 간은 소금으로 마무리 ~ 깨소금도 뿌려주세요']"
https://www.10000recipe.com/recipe/6867849,"['진미채는 물에 두번 씻어서 물기를 빼주세요', '마요네즈 2스푼정도 넣고 (저는 한번에 듬뿍 ~)', '버무려서 잠시 두고', '양념장:간장1.5스푼,고추장두스푼,고춧가루한스푼,설탕한스푼,다진마늘반스푼,참기름한스푼넣고 섞어서', '기름 살짝 두른팬에 양념장을 넣고 물4스푼정도 넣어 한번 끓여 주세요(약불)', '끓어 오르면 진미채를 넣고 볶아주세요~', '양념을 뭍힌다는 생각으로 후다닥 볶아서', '마지막으로 올리고당 1.5스푼 넣고 깨소금 뿌리면 끝이에욤^~^']"
https://www.10000recipe.com/recipe/6881454,"['재료를 준비 해 줍니다. 마이쏭은 두부가 많은 마파두부가 좋으므로, 두부 2팩 준비했어요~! 돼지고기 다짐육도 통크게~ 한팩! ㅋㅋㅋㅋ', '먼저, 돼지고기는 후추, 소금으로 밑간을 해 둡니다.', '그리고, 재료손질!!!! 두부는 깍뚝깍뚝 좀 잘게 썰어주고~ 파와 양파는 다져줍니다.', '다진마늘도 준비 해 주세용~', '모든준비 완료! 이제~ 만들어 볼까요? 먼저, 달군팬에 기름을 둘러줍니다. 기름과 참기름을 섞어 둘러주셔도 좋아요~!', '기름에, 다진마늘과 다진파를 넣어 볶아주며 파기름을 내줍니다', '그리고~ 파향이 진~하게 올라오면! 다진양파도 넣고, 함께 볶아주세용~!', '그 다음은 밑간 해 둔 돼지고기다짐육 투입!!!', '후추조금 넣고 맛술있음 맛술도 조금 넣고 볶아주세요~ 마이쏭은 맛술이 없..... 그냥 후추만 조금 넣고 볶아줬답니다', '고기의 겉면이 어느정도 익었다면!!! 여기에 양념을 해 줄 차례~! 빠알간 고춧가루 넣고~', '설탕넣고~ 소금넣고~ 간장넣어~', '타지않게 달달~ 볶아주세요!', '이렇게 마파두부의 양념장이 완성 되었어요~! 이제, 여기다 바로~! 마파두부를 만들꺼랍니다! 마이쏭은 물을 부어줬는데~ 멸치육수가 있다면, 멸치육수를 넣어주시면 되용~', '팔팔 끓어오르기 시작하면~', '된장 1큰술 넣어줍니다. 두반장이 필요없다는것은? 바로 요 된장때문! ㅎㅎㅎㅎㅎ 양념과 섞이니~ 두반장이 필요없게 마파두부의 맛을 낼 수 있다구욧^^', '드디어 오늘의 주인공 두부입짱~!! 2팩 과감하게! 몽땅 때려넣어 줍니다. 두부가 많아야 비주얼도 맛도 더 맛있든 듯 ㅎㅎㅎ', '요건~ 뭐, 넣지 않아도 충분히 맛있지만~ 육수없이 물로 넣었기에, 마이쏭은, 집에있는 치킨스톡 한큰술 넣어줬답니다 ㅎㅎ', '자아~! 이제 양념은 끝!! 요렇게 불을 줄이고 재료가 어우러지게~ 끓여주다가!!', '전분가루와 물을 넣고 섞어, 전분물을 만들어 줍니다. 급하게 막걸리잔을 꺼내들었다는.. ㅋㅋㅋ', '끓고있는 마파두부에~ 전물물 스르륵~ 둘러~', '잘 저어가며 끓여줍니다.', '너무 되직하지 않게 조금씩 부어가며 농도를 맞춰주시면 되요!! 밥위에 마파두부 끼얹고! 반숙 계란후라이 얹고 파슬리가루 좀 뿌려주니~ 대박비주얼 탄생!!! ㅋㅋㅋㅋㅋ']"
https://www.10000recipe.com/recipe/6842041,"['길쭉이 햄과 통조림 햄은 적당한 크기로 잘라서 준비해주세요', '대파와 양파도 비슷하게 채썰어 준비해주시는데요, 햄 특유의 느끼한 맛을 잡아주기위해 대파와 양파는 듬뿍 넣어주는게 좋아요', '준비한 재료를 끓일 냄비에 차곡차곡 담아주고', '돈다짐육 한줌과 송송 썬 김치도 한줌 넣어줍니다', '사골곰탕국물 한팩을 넣어주는데요', '한팩으로 모자란 육수는 물로 채워 재료들이 잠길랑말랑 할 정도로 넣어주시면 될 것 같아요', '분량의 양념을 모두 넣어 만든 양념장도', '냄비에 넣어 끓여주시면 된답니다', '육수가 끓기시작하면 다진마늘을 듬뿍 국자에 떠서 양념과 재료들이 잘 섞이도록 저으며 끓여주시구요', '마지막 노랑 체다치즈도 한장 넣어준 후 부족한 간은 소금으로 해주시면 완성!']"
https://www.10000recipe.com/recipe/6881450,"['갈비는 찬물에 3~4시간 정도 담가 핏물을 빼주세요. 중간에 물을 3~4번 정도 갈아주세요. 탄산수, 콜라를 이용해 핏물을 제거하면 시간을 단축시킬 수 있답니다. 참고하세요. 그리고 저는 호주산 소갈비를 이용했어요. 살도 많고 가격도 착해서 이용하는데 맛도 괜찮더라고요 ^^', '냄비에 갈비를 삶아줄 물을 담고 끓여주세요. 팔팔 끓어오르면 핏물을 뺀 갈비를 넣고 3분 정도 데쳐주세요. 데치는 과정을 통해 기름기와 잡내를 제거할 수 있답니다.', '데친 갈비는 찬물에 헹궈 물기를 빼주세요.', '믹서기에 양파 1/2, 배 1/2를 넣고 갈아주세요. 갈아놓은 양파, 배를 그릇에 담고 나머지 양념재료 간장 10, 굴 소스 1, 맛술 5, 청주 4, 설탕 2, 올리고 당 2, 다진 마늘 2, 다진 생강 0.3, 후춧가루 0.3, 참기름 0.5를 넣고 섞어 줍니다. 배 대신 키위를 이용하셔도 좋아요', '양념소스가 완성되면 데쳐 놓은 갈비에 부어 재워주세요. 바로 다시는 것보단 하루 정도 냉장고에 넣어 숙성 시켜주심 휠씬 맛있답니다. 아님 바로 해서 드셔도 괜찮고요.', '무, 당근은 큼직하게 썰어 동글동글하게 다듬어주고, 대파는 어슷 썰어주고 그 외 대추, 밤 등 함께 넣어도 좋아요.', '하루 숙성시킨 소갈비를 그릇에 담고 여기에 물 1컵(종이컵)을 붓고 뚜껑을 닫고 고기가 푹 익을 때까지 끓여주세요. 압력솥으로 하면 고기가 더 야 들하니 잘 익어요. 그리고 압력솥으로 하실 땐 물을 넣지 마세요. 물을 넣게 되면 맛없어요.', '고기가 익으면 뚜껑을 열고 기름을 숟가락으로 걷어내고 무, 당근을 넣어 주고 국물이 자 박해질 때까지 익혀주세요.', '마지막에 준비해 놓은 대파를 넣고 살짝 더 익혀 마무리해줍니다.', '소갈비찜 완성']"
https://www.10000recipe.com/recipe/6872975,"['야채를 먹기 좋은 크기로 잘라주세요.', '비엔나소세지에 칼집을 내어 끓는 물에 데쳐주세요. 데치는 과정은 생략 가능하지만, 저는 불순물 제거와 예쁜 모양을 위해 꼭 해주고 있어요.', '양념장을 만들어주세요.케첩 2스푼, 고추장 1스푼, 굴소스 1스푼, 올리고당 1스푼, 다진마늘 1/3스푼', '식용유를 팬에 두르고, 손질해둔 야채는 중약불로 볶아주세요.', '야채가 어느 정도 익었다면 소세지를 넣고 2~3분간 볶아주세요.', '미리 만들어둔 양념장을 넣고 약불로 3분간 볶아주세요.센 불로 익히면 양념이 타버리기 때문에 약불로 은근히 볶아주세요.']"
https://www.10000recipe.com/recipe/6872350,"['폭탄계란찜을 만들기 전 재료부터 준비해줍니다. 계란 3개, 참기름 1 큰 술, 소금 1/3 큰 술, 설탕 1/3 큰 술, 대파 또는 쪽파 약간, 통깨 조금, 물 100ml반찬접시', '작은 뚝배기에 계란 3개를 깨뜨려 넣은 뒤 거품기로 계란을 풀어줍니다뚝배기,거품기', '설탕 1/3 큰 술, 소금 1/3 큰 술을 넣고 한 번 더 거품기로 잘 섞어주기!', '그리고 나서 물 100ml를 넣어주고 또 한 번 거품기로 휘리릭 ~', '뚝배기를 가스레인지에 올린 뒤 계란이 몽글몽글 익을 때까지 젓가락으로 저어줍니다. 중불입니다.중불', '이렇게 계란이 몽글몽글해지면,나무요리젓가락', '송송 썰어둔 쪽파를 투척한 뒤 뚜껑을 닫고 4-5분가량 익혀주세요.약불뚜껑을 닫고 나서는 약불로 줄여줍니다.', '4-5분 후 뚜껑을 열어보면, 아주 먹음직스럽게 부풀어 오른 계란찜을 만나볼 수 있다는!!! +_+', '부풀어 오른 계란찜 위에 적당량의 통깨와 참기름을 뿌려주면 폭탄 계란찜 만드는 법은 이렇게 간단하게 끝이 나요!', '계란찜 만들기가 이렇게 쉬운 거였나 싶을 정도로 넘나 쉬웠던 폭탄 계란찜 만들기 ♥나무수저세트', '뜨거운 계란찜을 한 숟가락 퍼서 맛을 보니, 대박 ㅠㅠㅠㅠㅠㅠㅠㅠ 이거 진짜 식당에서 먹던 바로 그 계란찜 맛이네요 ㅎㅎㅎ 역시 백주부님 레시피는 진짜\xa0최고 최고\xa0♪']"
https://www.10000recipe.com/recipe/6881457,"['멸치양은 요정도 준비 해 봤어요~ 시장에서 한봉지 산 양!!', '먼저, 마른팬을 달궈 기름을 두르지않고 중간불에 멸치를 휘리릭~ 볶아줍니다.타지않게 골고루 볶아주세요~! 견과류를 넣고 싶다면 요때 같이 볶아주시면되요! 비린내가 나지않게 하면서 바삭한 멸치볶음을 만드는 과정이랍니다~프라이팬,요리스푼', '멸치가 약간 노릇~하게 될때까지 잘 볶아주시면 되요', '이렇게 한번 덖어내면 맛있는 멸치볶음이 만들어진답니다^^', '한번 덖어낸 멸치는 잠시 다른그릇에 옮겨놓고~~', '재료준비를 해 주어요~ 파는 다져서 준비 해 주고~매콤한맛을 좋아하신다면 청양고추도 송송썰어 준비 해 주시면 되요~ 멸치볶음 양념은, 분량의 간장와 올리고당, 설탕을 넣어 섞어 만들어 주어요.소주나 맛술이 있으면 한큰술 넣어줘도 좋구요~', '달군팬에 기름을 넉넉히 두르고~', '다진마늘 1큰술을 넣어 볶아줍니다. 불을 좀 줄여서 볶아야 타지 않겠죠??', '그리고 다진파도 투입! 마이쏭은 그냥 송송 썰어준 파를 투척! 파향이 잘 우러나게 볶아주세요.', '이제! 마늘과 파를 이용한 파기름에, 멸치를 넣어 함께 볶아줍니다', '멸치를 기름에 코팅시켜준다~ 생각하시구, 골고루 볶아주시면 되요~', '그 다음엔~ 소스 투척!!! 소스를 넣으면 늘러붙기도 하고 탈 수 있으니 요때 불은 off 해 두는걸로!! 소스가 골고루 묻게 잘 뒤적여준 다음!!', '오늘 멸치볶음의 하이라이트!', '마요네즈를 한큰술 듬~뿍 넣어 줍니다! 진미채볶음 할때도 그렇고~ 요 마요네즈는 신의 한수! 더 부드럽고~ 한층 고소한 맛을 느낄 수 있으실꺼에요!!', '마무으리! 로 꼬소~한 통깨 팍팍!! 뿌려주면!!!', '건강하고 맛있는 멸치볶음이 완성된답니다.', '마이쏭은 멸치볶음 만들어, 도시락메뉴로 와따! 인 멸치주먹밥을 만들어 먹기도 해요~ 가위로 잘게 썰은 멸치를 밥에 넣고, 간장, 참기름, 설탕조금, 깨소금, 김가루 넣고 조물조물~해서 동그랗게 뭉쳐~ 간단! 하게 만든 주먹밥도 참 별미랍니다!!']"
https://www.10000recipe.com/recipe/3568149,"['무와 대파는 흐르는 물에 씻은 후 무는 도톰하게 반달 썰어 주고 대파는 어슷 썰어 줍니다.', '고등어는 흐르는 물에 깨끗하게 씻어 줍니다.', '분량의 양념장 재료 진간장, 고추장, 고춧가루, 매실액, 맛술, 올리고당, 다진 마늘, 후춧가루를 넣어 고루 섞어서 양념장을 만들어 줍니다.', '냄비 바닥에 무를 깔고 씻어 놓은 고등어를 올린 후 대파를 얹어 주고 양념장을 끼얹어 준 다음 물을 부어 줍니다.', '가스 불에 올려 센 불에서 끓여 주다가 한소끔 끓으면 불을 줄이고 간이 고루 배도록 중간 중간 양념장을 끼얹어 주면서 조려 줍니다.']"
https://www.10000recipe.com/recipe/6876544,"['염장 미역줄기는 흐르는 물에 3-4번 정도 씻은 후 찬물에 15분간 담가 소금기를 빼주세요.비린내에 민감하다면 물에 담가두는 시간을 좀 더 늘리고 물을 여러 차례 갈아주셔요. (혹은 끓는 물에 청주 1큰술을 넣고 30초간 데쳐 사용하는 것도 방법이에요^^)', '미역줄기는 물기를 꼭 짠 뒤 한입 크기(4cm)로 썰어주세요.', '양파와 당근은 채 썰어주세요.', '팬에 식용유를 두르고 중불에서 다진마늘 1큰술을 볶아주세요.', '향이 올라오면 강불로 올려 채썬 양파와 당근을 넣고 1분간 볶아주세요.', '미역줄기를 넣고 1분, 국간장 1/2큰술을 넣고 3분 볶아주세요.', '참기름 1큰술과 깨 1/2큰술을 넣어 30초간 더 볶아주면 완성이에요.']"
https://www.10000recipe.com/recipe/6829399,"['먼저 오뎅은 뜨거운물로 한번 씻어서 준비해주세요(오뎅을 튀길때 사용한 기름이 남아서 좋지 않아요) 오뎅과 양파를 적당한 크기로 잘라주세요. 먹기좋은 크기로 자르면 됩니다.', '후라이팬에 올리브유 넉넉하게 두르고 마늘 살짝 볶고난뒤 간장 4숟가락 고춧가루 3숟가락 넣고 살짝 볶아줍니다.(어른숟가락 기준입니다)', '이런 상태가 되도록 양념장을 볶아 줍니다. 양념이 자꾸 탄다는 분들은 불조절 해주세요 저는 처음부터 끝까지 센불로 조리를 하는데 손이 빠르면 타지않는데 아무래도 초보자 분들은 탈수 있어요불조절 하면서 볶아주세요. 불을 잠깐 껐다가 하셔도 상관없어요', '바글바글 끓인 양념장위에 오뎅과 양파를 넣고 조금 볶다가 올리고당 두르고 센불에 재빠르게 볶아주세요. 여기서는 센불로 해주세요 약불로하면 물이 생기고 양념이 잘 묻지 않아요', '매운거 좋아하는 분들은 청양고추 넣고 마무리 하면 됩니다']"
https://www.10000recipe.com/recipe/6873935,"['돼지등뼈는 핏물을 어느정도 제거해주어야 하는데요 물안에 푹 담궈놓고 두번정도 물갈이 해주고 2시간정도 담궈놨어요', '핏물이 어느정도 제거된다음 한번 팔팔 끓여주어야해요 끓는물에 등뼈를 넣어서 한번 푹 삶아주세요', '무청도 한팩사왔는데 양이 많아서 반정도만 사용했어요 팩에 들어있는 무청은 한번 씻어주고 살짝 잘라주었어요', '감자도 먹기 좋게 잘라서 준비해주었어요', '어느정도 삶아낸 등뼈는 고기만 따로 건져내주시구요', '등뼈를 냄비에 넣고 잠길정도로 물을 넣어주었어요', '그리고 감자를 넣어주고 나머지 양념을 바로 넣어주세요 된장 1큰술, 고추장 1큰술, 다진마늘 1큰술, 고춧가루 3큰술, 국간장 1/2컵, 액젓 3큰술 을 먼저 넣어주었구요', '대파도 큼직하게 잘라서 넣어주고', '무청도 위쪽에 수북이 얹어주었어요', '그리고 들깨가루도 넉넉히 5큰술 정도 넣어주고 팔팔 끓여주세요 백종원님이 이 들깨가루가 충분히 들어가야 밖에서 사먹는 감자탕맛이 난다고 하시더라구요 ㅎㅎ', '팔팔 끓이는 중!! 간은 보시면서 쎄다싶으시면 물을 더 넣어주시면 되요', '마지막에 깻잎도 좀 넣어주고 마무리 ~']"
https://www.10000recipe.com/recipe/6924906,"['껍질 벗긴 당근은 채칼을 이용해 잘게 썬다', '소금에 절인다소금에 절이는 과정없이 바로 무치기도 해요.', '절인 물은 꼭 짜서 버린다', '올리브오일,머스터드,식초등에 버무린다.머스터드는 없으면 생략해도 돼요.', '입맛에 따라 설탕을 넣어준다', '보관용기에 담아 냉장보관 한다소금에 절여서 무친거라 바로 먹어도 되는데소금에 절이지 않고 소스에 무쳤을 경우 한두시간 두었다 드세요.', '라페만 먹어도 되는데 사과를 채썰어 넣어 당근사과샐러드로 만들어 먹어도 맛있어요']"
https://www.10000recipe.com/recipe/6864674,"['신김치 국그릇 가득, 대파 1뿌리, 참치 1캔, 식용유 3스푼, 고추가루 1스푼, 김치국물 3스푼, 물 400ml', '김치 국그릇 가득 담은 걸 냄비에 옮겨주세요혹시 신김치가 없으신 분들은 김치 위에 식초를 한 스푼 뿌려 10분 정도 놓아주세요', '식용유 3스푼을 김치위에 돌돌 돌려 뿌려주신 다음 약-중 중간 불에서 달달 볶아주세요볶아주다 보면 김치가 이쁜 주황빛으로 변하는 걸 보실 수 있을 거에요', '다음 참치 1캔을 함께 넣어 달달 볶아주세요 이 때 참치캔 기름은 버리지마시고 함께 넣어주세요', '물 400ml를 넣어 끓여주세요', '다음 김치국물 큰 국자로 3스푼 넣고 팔팔 끓여줍니다', '계속 끓이다가 대파 한뿌리 송송 썰어주신 걸 넣어주세요~ 다진 마늘 좋아하시면 다진마늘 티스푼으로 1스푼 넣어주셔도 좋아요', '마지막으로 김치찌개 색감을 더 이쁘게, 그리고 얼큰하게 해주기위해 고추가루 1스푼을 넣어준 다음 끓여주시면 끝~', '설 기간동안 기름기 많은 음식들로 느끼했던 속이 얼큰하니 정말 맛있게도 먹었네요~ 저랑 신랑은 얼큰한 국물먹다가 맛있어서 라면 사리 하나 넣어서 다시 끓여먹었답니다국물의 양도 많아서 라면 사리 넣어 먹어도 굿♡', '만드는 법은 정말 간단하지만 맛이 일품이라고 신랑에게 칭찬받은 참치김치찌개 레시피 다른 반찬 없이요기에 밥 두공기씩 클리어 했답니다~+_+♡']"
https://www.10000recipe.com/recipe/6894096,"['먼저 종이컵 기준 물 2컵에 떡볶이떡을 넣고 센불에서 팔팔 끓여 줍니다.냉동 떡이라면 물에 잠깐 담궈두셨다가 사용하세요', '물이 팔팔 끓으면 양념을 다 넣어준 뒤 잘 풀어주고 또 자글자글 끓여 줍니다.양념을 미리 섞어두시면 좋아요', '국물이 졸아들면 대파를 가위로 쫑쫑 썰어 넣어주시고 통깨 약간 뿌려 주시면 끝!', '너무 간단한데 맛있어서 놀라는 백종원 분식점 떡볶이 완성입니다!', '한개 먹어보니 어머머!정말 분식점에서 파는 떡볶이 맛이 나면서 넘 맛있어요. 너무 간단한데 맛있어서 놀랬어요^^']"
https://www.10000recipe.com/recipe/6869801,"['끓는물에 고기를 넣고 3~10분 정도 삶아준다.', '삶아진 고기는 찬물에 헹궈준다.', '종이컵 계량으로 간장 1/2컵, 설탕 1/4컵, 술 1/4컵, 후추,물 2컵을 넣어준다.', '통마늘을 넣고 생강, 대파를 차례로 썰어 넣어준다.', '마른 고추와 다시마, 표고버섯을 넣고 끓여준다.', '고기가 충분히 익을 수 있게 끓여준다.']"
https://www.10000recipe.com/recipe/6912220,"['제일 먼저 멸치 육수를 끓여주세요. 멸치외에 있으면 표고버섯 약간, 다시마 약간 넣고 끓이면 되는데 없으면 멸치만 넣고 그냥 끓여도 됩니다.그 다음은 채소를 손질해야겠죠. 대파 1/4과 양파 1/4을 잘게 썰어주시고요.', '매콤한걸 좋아하시는분은 청양고추 하나 어슷하게 썰어주시고', '호박 1/4은 반달 모양으로 썰어주세요.', '재료손질은 벌써 끝났네요. 다음은 준비한 뚝배기나 냄비에 참기름 1큰술,식용유 2큰술을 넣어주세요.', '그리고 준비한 양파, 대파를 넣고 볶아주세요.', '그리고 고추가루 1큰술 반을 넣고 고추기름을 만들어줍니다. 매운걸 못드시는 분은 한큰술만 넣으세요.', '고추기름을 만들었으면 소금 반큰술, 설탕 한꼬집을 넣어주세요. 설탕은 안넣으셔도 되긴 한데 보통 식당에서는 넣죠.', '그 다음엔 굴소스 1큰술, 간장 1큰술을 넣고 저어서 섞어주세요.', '그 다음은 멸치육수를 부어주세요. 준비된 냄비에 반 정도를 채워주세요. 너무 많이 부으면 순두부 넣을때 넘칩니다.', '자 이제 팔팔 끓여줍니다. 끓기 시작하면 호박과 고추를 넣고, 다진마늘도 한큰술 넣어주세요~', '그 다음은 순두부를 넣어줍니다.', '마지막으로 달걀과 파를 넣어 마무리 해줍니다.', '제눈에는 엄청 맛있어 보이는데 어떠세요?사실 순두부찌개의 맛을 좌우하는 바지락이나 돼지고기 없이 맛을 내려면 쉽지 않은데요. 제가 생각하는 포인트는 바지락이나 돼지고기가 없으면 굴소스 정도는 꼭 들어가야 하고, 멸치육수도 필요합니다. 그리고 간이 적당히 맞아야 합니다.']"
https://www.10000recipe.com/recipe/6830820,"['육수는 무 넙적하게 썰어주고, 다시마 4~5장, 무가 잠길정도의 물로 끓여줍니다. 끓기시작하면 다시마는 빼주세요.', '남대문표양념장 : 간장8, 설탕1, 물엿1, 고추가루3, 다진마늘1, 다진생강 약간, 여기에 맛술2, 후추조금 더 추가했네요.', '갈치는 내장과 비늘을 깨끗하게 손질하여 물기를 빼줍니다~생선비린내는 물에 깨끗하게 씻어야 없어집니다', '끓어오른 육수에 바로 갈치올리고, 양념장 두둑하게 올려줍니다.', '양파,청양고추,대파까지 올리고, 뚜껑닫고 한소끔 끓입니다.', '중간에 갈치위로 양념국물 덮어줘가며 끓이면 완성^^']"
https://www.10000recipe.com/recipe/6879533,"['목이버섯은 물에 살짝 불려서 사용할꺼예요 물에 버섯을 한줌정도 넣어서 불려주세요', '잡채용 고기에는 밑간을 살짝 했다가 볶아줄꺼예요 다진마늘, 간장, 참기름 1작은술씩 넣어주고 미림 2작은술, 후추 약간 넣어 20분정도 밑간해줬어요', '부추, 양파, 당근, 파프리카등의 야채는 먹기좋은 크기로 잘라서 준비해주세요야채는 취향대로 준비하셔도 좋아요 :)', '당면은 끓는물에 11분 삶아주는게 맛있는 잡채 만드는 포인트예요 !', '당면이 삶아지는 동안에 부추를 제외한 나머지 야채와', '고기를 후라이팬에 따로 볶아서 준비해주세요', '당면은 11분이 지나면 바로 채에 걸러 찬물에 헹궈서 준비해주세요', '그리고 바로 당면에 양념을 입혀줄껀데요 위에서 말씀드렸다 싶이 간장과 물엿은 1:2 비율로 넣어주시면 되요당면이나 야채의 양에 맞게 비율을 조정해주시면 되는데요저는 간장 10큰술, 물엿 20큰술 정도로 넣어줬어요', '양념이 팔팔 끓어오르기 시작하면 준비해두었던 당면을 넣어주고', '카놀라유를 4큰술 정도 둘러주세요 ~ 그래야 당면끼리 서로 달라붙지 않고 불지 않는다고 하더라구요 ~', '그리고 센불로 양념이 졸아들때까지 저어가면서 당면에 색을 곱게 입혀주시면 된답니다 ~', '당면의 양념이 어느정도 졸아들면 큰 양푼이나 그릇에 넣고 한김 식혀준다음 미리 준비해두었던 야채와 고기를 전부 넣고 골고루 맛있게 비벼주시면 된답니다 ~!!', '저희 신랑은 당면을 그리 좋아하진 않아서 저는 당면보다 야채랑 고기를 더 많이 넣어줬는데요 이렇게 하니 훨씬 맛있게 잘 먹는것 같더라구요 ~']"
https://www.10000recipe.com/recipe/6880798,"['[당면 불리기] 큰 볼에 당면 한줌 분량을 넣고 당면이 잠길 정도의 찬물을 넣어주세요. 그냥 사용하면 억세기 때문에 약 1시간 정도 불려 주었습니다.당면한줌, 찬물큰볼"" 요리 시작 전에 미리 불려 주시면 좋겠죠! ""', '1시간 정도 불려주면 부피가 늘어나는데요. 참고해주셔서 취향에 따라 가감해 주세요.', '< 야채 손질 >당근 1/3개는 둥글 납작한 모양으로 양파 1개는 듦성 큼직하게 오이 1/3개는 어슷썰기로 대파 1/2개는 손가락 길이 정도로 큼직하게 썰어서 준비해주세요.< 감자 전분 제거 >알이 굵은 감자 2개는 둥글 납작하게 썰어서 찬물에 10분 담가서 전분을 제거해주세요."" 전분 제거안하면 쉽게 으깨지잖아요! ""', '[닭 잡내 제거 1차]손질되고 토막 난 7호 닭 1마리는 흐르는 물로 1차 세척을 해주세요. 큰 볼에 닭이 모두 잠길 정도의 쌀뜨물을 담고 약 30분 동안 잡내를 제거해주시고요.닭한마리, 쌀뜨물"" 물과 우유를 섞어서 사용해 주셔도 됩니다 "" "" 칼집을 조금씩 내 주셔도 좋아요 ""', '[닭 잡내 제거 2차]1차 잡내 제거를 마친 닭은 흐르는 찬물로 한번 헹궈 주세요. 냄비에 닭을 모두 넣고 물과 미림 3스푼 혹은 소주 3스푼을 넣고 강불로 끓여주세요.닭한마리,물.미림또는 소주3스푼강불', '보글보글 끓기 시작하면 닭은 바로 건져내 주시면 된답니다. "" 기름기 제거와 잡내는 확실히 잡혔겠죠! ""', '[안동찜닭 소스 만들기]조금 전 사용했던 냄비에 물을 모두 버리고 종이컵 4컵 분량의 물과 닭을 넣어주세요.종이컵4컵분량 물', '이어서 베이스 소스인 진간장 13스푼을 넣어주시고요.진간장13스푼', '황금레시피 필살기인 커피 1스푼을 넣고 10분 정도 강불에서 끓여주세요. "" 커피는 잔류 잡내 제거에 큰 도움을 주며 색상때문에 넣는 캐러멜소스를 안넣어도 찜닭의 진한 국물 색상을 만들어주기도 한답니다"" 저는 오늘 두가지 다 준비되어있어 다 넣었어요!커피1스푼', '10분 후 설탕 3스푼 넣고 살살 저어 주시며 1분 동안 끓여주세요.설탕3스푼강불', '물엿6스푼 도 함께 넣어주세요.물엿6스푼', '깔끔한 국물맛을 위해 올라오는 거품은 걷어내 주세요.깔끔한 국물맛을 위해 올라오는 거품은 걷어내 주세요.', '[야채 넣고 끓이기]"" 이제 야채를 넣어줄 차례! "" 고추와 대파를 제외하고 손질해 놓은 감자, 당근, 오이, 양파를 넣고 으깨지지 않게 살살 저어 주세요.손질해놓은 감자, 당근, 오이, 양파', '다진 마늘 3스푼, 후추 톡 3번,캐러멜 소스 1스푼을 넣고 뚜껑을 닫고 10분간 강불로 끓여주세요.다진마늘3스푼강불캐러멜 소스는 생략 가능하지만 넣으시면 찜닭 국물 색이 더 살아난답니다.', '후추 톡! 3번후춧가루톡 3번', '캐러멜소스1스푼캐러멜소스1스푼', '손질해 놓은 대파 1/2개, 홍고추 1개 불려놓은 당면 한 줌을 모두 넣어주세요. 그리고 정확히 2분 30초만 끓여주시는 게 최적의 당면 식감을 만드는 포인트라고 하네요.대파1/2, 홍고추1개, 불려놓은 당면한줌바로 드실 거라면 당면을 넣어주시고 두었다가 드시는 거라면 나중에 넣어주세요.""당면이 국물을 모두 흡수해 버릴 테니까요 ""', '보는 것만으로도 그때의 맛이 생각나는 식욕 돋게 하는! 찜닭 완성입니다. ^_^', '일단 거두절미하고 닭다리 맛부터 볼게요! 적당히 탄력 있는 닭살은 입에 넣고 후릅! 하면 살과 뼈가 분리돼요. 평소 안동찜닭을 좋아하시는 친정 아빠는 맛을 보시더니 파는 것보다 훨씬 맛있다고 A 뿔뿔 뿔! 이다를 외쳐주셨답니다. "" 엄청 칭찬해 주셨어요 우헤헤헤 험험..""', '찜닭 맛이 거기서 거기일 수도 있겠지만 어른, 아이 할 것 없이 모두 드시기도 좋고적당한 짭조름한 맛이 어우러진 꽤 괜찮은 레시피였답니다.']"
https://www.10000recipe.com/recipe/6877896,"['익은 김치의 양념을 가볍게 털어낸 뒤 먹기 좋은 크기로 썰어주세요.큰 볼에 김치를 넣고 가위로 잘라주면 설거지를 최소화할 수 있어요.도시락 반찬으로 만든다면 손가락 마디 하나 정도의 크기로,집에서 먹는 거라면 그보단 조금 크게 썰어주면 돼요', '신김치에 김칫국물 1과 1/2큰술, 설탕 2큰술을 넣고 고루 버무려주세요.', '대파는 어슷 썰기 해주고 양파는 0.3cm 두께로 썰어 준비해주세요.매콤한 신김치볶음 만들기를 원한다면 청양고추 1개를 어슷 썰어 같이 준비해주세요.', '달군 팬에 식용유 2큰술을 두르고 김치를 1분간 볶아주세요.', '아래의 양념을 넣고 잘 섞이도록 저어가며 볶아주세요.간장 2/3큰술, 올리고당 1과 1/2큰술, 고춧가루 1과 1/2큰술, 맛술 1과 1/2큰술, 참기름 1큰술', '양념 국물의 양이 1/4정도로 졸아들 때까지 충분히 볶아준 뒤 썰어둔 채소를 넣어주세요.청양고추를 넣는다면 이때 같이 넣어주면 돼요.Q. 촉촉한 볶음김치 만드는 방법?A. 물 2/3컵을 부어준 뒤 국물을 다시 바짝 졸여주세요.', '양파가 익을 때까지 볶아주면 볶음김치 완성이에요. 기호에 따라 통깨도 솔솔 뿌려주세요.좀 더 고소한 향을 살리고 싶다면 마지막에 참기름을 1/3큰술 정도 두르면 됩니다^^']"
https://www.10000recipe.com/recipe/7001506,"['열무를 깨끗하게 다듬어 소금을 쳐 놓습니다.반나절 정도 방치하였습니다.', '흐르는 물에 2-3회 씻어서 소쿠리에 건져 놓습니다.', '스텐 다라이에 다진 생강과 다진 마늘을 넣습니다.', '어긋 썰은 대파와 길게 채썬 양파를 넣습니다.', '고추를 어긋 썰어 넣습니다.', '뉴슈가를 넣습니다.열무김치에는 뉴슈가가 들어가야 열무의 쓴맛이 안난다고 해요', '고춧가루 넣습니다.', '매실액을 넣습니다.', '냄비에 미리 쒀 놓은 밀가루풀을 넣습니다.', '갈치속젓과 까나리액젓, 새우젓을 넣습니다.', '통깨를 넣습니다.이제 이 모든 양념을 잘 섞어 주면 열무김치 양념 완성입니다^^', '씻어 놓은 열무를 먹기 좋은 크기로 썰어서 양념에 넣고 골고루 잘 비벼줍니다.', '이렇게 열무김치가 완성되었습니다!!']"
https://www.10000recipe.com/recipe/6842257,"['대파와 청양고추는 쫑쫑, 양파와 마늘은 다지고 버섯 등은 잘게 찢어놓는다.', '달궈진 냄비에 기름을 두르고 대파와 돼지고기 다짐육을 볶다가', '다진양파와 다진마늘을 넣고 볶아준다.', '여기에 고추가루 1스푼 반과', '설탕과 소금을 조금 넣고,', '간장 한스푼,', '참기름 한스푼을 넣고', '달달 볶아준다.', '여기에 물 약 200ml 를 넣고 물이 끓으면 순두부를 뚝뚝 잘라 넣는다.', '자글자글 끓으면 나머지 야채를 넣고', '마지막에 계란 하나를 톡 까서 넣고 자글자글 끓이면 백종원 순두부찌개 완성~~~']"
https://www.10000recipe.com/recipe/6859263,"['물1.5종이컵에 된장,고추가루,다진마늘,설탕,간장을 한데넣고 한소끔 끓여줍니다.', '그사이 양파,버섯,애호박,청양고추,두부는 적당한 크기로 썰어줍니다.', '한소끔 끓은 된장물에 양파,버섯,애호박,청양고추,두부를 넣어 줍니다.', '애호박이 익을때까지 끓여주어 간을보아 부족한간은 소금으로 해주어 완성. 저는 부족한간이 없어 소금은 넣지 않았습니다.']"
https://www.10000recipe.com/recipe/6877680,"['쭈꾸미는 머리를 뒤집어서 내장과 먹물주머니를 제거하고', '다리사이에 있는 입을 꾹 눌러 제거해주시고 밀가루를 넣어 거품이 나오지 않을정도로 빡빡 문질러준다음 깨끗한물에 씻어주세요', '손질 마친 쭈꾸미를 준비해주시구요', '분량의 양념도 한곳에 모아 준비해주세요다진마늘 1큰술, 진간장 1큰술, 설탕 1큰술, 맛술 1큰술, 고추장 2큰술, 고춧가루 2큰술, 참기름 1큰술', '그리고 손질된 쭈꾸미는 끓는물에 살짝만 데쳐주시고분량의 양념을 넣어 20분정도 재워주세요바로 해먹어도 맛있긴 하지만 좀 재워둔다음에 먹는게쭈꾸미에 간이 더 잘 베이고 맛있는것 같더라구요쭈꾸미가 작은 경우는 그냥 통째로 볶아먹어도 되지만저는 크기가 좀 큰편이라 데치고 나서 먹기좋게 잘라줬어요', '재우는 동안 같이 볶아먹을 야채도 준비해주세요', '전 집에 양파랑 대파밖에 없어서 두가지만 넣어줬는데요야채는 취향에따라 더 추가하셔도 된답니다', '그리고 식용유를 두른 팬에 양파를 볶아주세요양파는 너무 오랫동안 볶지 않고 양파 겉면이살짝 투명해질 정도로만 볶아주세요', '그리고 재워두었던 쭈꾸미를 넣어서 같이 휘리릭 볶아주세요오징어나 쭈꾸미는 너무 오랫동안 볶으면 질기고 맛없어지는거 아시쥬 ?이전에 한번 쭈꾸미를 데쳐놨기 때문에센불로 양념이랑 야채가 어느정도 어우러질 정도로만 볶아주시면 되요', '볶을수록 고추장 양념이 쏙쏙 베이면서 넘나 맛있어 보이쥬 ㅋ어느정도 볶아주다가 마지막엔 대파 넣고 마무리 해줬어요']"
https://www.10000recipe.com/recipe/6868455,"[""먼저 준비한 표고버섯의 밑동을 잡아옆으로 가볍게 힘을 줘서'툭' 분질러 분리해주세요.밑동은 볶음 할 때 사용하지 않지만된장국, 육수 낼 때 사용하시면유용하게 쓸 수 있답니다."", '밑동을 제거한 버섯은 흐르는 물에겉이 아니라, 안쪽 주름 부분을깨끗하게 씻어주세요.흙이나 먼지가 주름 부분에가장 많이 있기 때문이랍니다.', '그리고 펄펄 끓는 물에 넣고센 불에서 2분 데쳐주세요.만들어본 사람들 다들 알겠지만,표고버섯볶음을 냉장고에 넣어 나중에 먹으면물기가 많아 물컹할 때가 많죠!!그런데 이렇게 표고버섯을 한 번 데쳐주면냉장 보관 후에도 물기가 안 나오고,식어도 끝까지 맛있게 드실 수 있답니다.', '다 데친 표고버섯을 물에 2~3번 정도씻어 열기를 빼주시면 된답니다.', '이제 물기를 빼줘야겠죠.표고버섯의 2개를 겹쳐 손안에 넣고가볍게 꾸욱 눌러 물기를 제거해주는 게가장 편하답니다.', '그리고 물기를 빼준 표고버섯을0.3cm 간격으로 채 썰어주세요.', '채 썰어준 표고버섯에 소금 1/3T를넣고 밑간해주시기만 하면표고버섯 준비는 끝.', '양파, 미니파프리카, 대파는채 썰어주시고,마늘은 잘게 다져주세요.이걸로 다른 재료 준비들도 끝마쳤죠.본격적으로 볶음을 시작해볼까요.', '예열된 프라이팬에 식용유 2T를 두르고잘게 다진 마늘 1T를 넣고노릇노릇하게 익을 때까지 볶아주세요.중불', '마늘향이 솔솔 올라오기 시작하면썰어놓은 양파를 넣고 색깔이투명해질 때까지 2분 정도 볶아주시고,', '그다음에 표고버섯과 굴 소스 1T,집간장 1T, 설탕 3꼬집, 후추 약간을넣고 대략 5분 정도 볶아주세요.', '표고버섯이 거의 다 익었으면대파, 파프리카를 넣고 불을 꺼준 다음,참기름 1T, 깨소금 듬뿍 1T를 넣고접시에 담아주시기만 하면 요리 끝.']"
https://www.10000recipe.com/recipe/4007561,"['껍질벗긴 감자는 채를 썰어 소금에 5분정도 절였다 사용합니다.', '양파와 당근도 채썰어 준비합니다.', '소금에 절였던 감자는 꼬옥짜서 물기를 제거한후 후라이팬에 기름을 약간 두른후 볶아줍니다.', '감자를 2~3분가량 볶다가 채썰어논 양파와 당근을 넣어 볶아줍니다.', '마지막에 통깨를 넣고 뒤적여내시면 끝.', '감자볶음 완성입니다. 마지막에 후추가루를 살짝 뿌려도 좋아요.']"
https://www.10000recipe.com/recipe/6901938,"['크림파스타를 만들기 위해 필요한 재료들을 알려드릴게요.올리브유 약간, 파스타 건면 1인분, 베이컨 작은 거 4장, 체다치즈 2장, 소금 약간, 후추 약간, 흰우유 180ml, 양송이버섯 2개, 다진 마늘 한 스푼, 버터 한 숟갈, 채 썬 양파 적당량', '먼저 베이컨을 먹기 좋은 크기로 잘라주세요. 양송이버섯도 씻어서 잘라주세요.', '오늘 크림파스타는 1인분만 만들 거라 100원 동전 크기 정도의 크림파스타를 만들게요. 보기엔 양이 적어 보여도 면을 익히고 크림소스가 추가되면 양이 딱 좋을 것 같아요.', '끓는 물에 소금을 약간 넣어서 팔팔 끓여주세요.', '파스타 건면을 골고루 펼쳐 넣어주세요.', '젓가락으로 면을 끓는 물 안으로 넣어서 5분 정도 익혀주세요. 처음에 끓는 물에 어느정도 면을 익혀주면나중에 크림소스랑 볶아주실 때 시간을 단축할 수 있어요!', '끓는 물에서 5분 정도 익힌 파스타면을 채반에 옮겨주세요. ★이때!!!★ 찬물에 헹구시지 마시고 그냥 이대로 파스타면을 식혀주세요.', '이제 크림파스타 소스를 만들 거예요! 달궈진 프라이팬에 올리브유를 적당히 넣고 다진 마늘을 넣고 볶아주세요.', '다진 마늘이 어느 정도 볶아졌으면 버터를 넣어주세요. 그리고 버터가 다 녹았으면 양송이버섯을 넣고 볶아주세요.', '양송이버섯이 어느 정도 노릇하게 익었으면 채썬 양파와 베이컨을 넣어주세용', '채썬 양파와 베이컨이 잘 익을 때까지 볶아볶아줍니당!', '그리고 흰우유 180ml를 넣고 보글보글 끓여주세요!', '체다 치즈 2장을 넣어 크림파스타 소스를 진하게 만들어줍니다. 더욱 진한 크림파스타를 드시고 싶으시면 체다 치즈를 더 넣으셔도 좋아요!', '체다 치즈가 잘 녹을 때까지 보글보글 계속 끓여줍니다. 크림소스를 끓일수록 색깔이 점점 진해져요! 그리고 중간에 크림소스 간을 보셔서 소금으로 간을 맞춰주세요. 저도 크림소스가 밍밍해서 소금을 조금씩 넣어가면서 간을 맞췄어요!', '채반에서 쉬고 있었던 파스타면을 넣어주세요.', '파스타면과 크림소스를 잘 섞어주세요. 걸쭉하게 드시고 싶으시면 오래 끓이시면 되고, 그냥 묽게 드시고 싶으시면 잠깐만 끓이셔서 바로 드시면 돼요! 저는 걸쭉한 크림파스타를 좋아하기 때문에 오래 끓여줄 거예용! 이쯤에서 그릇에 옮겨 담아줄게요.', '완성된 크림파스타 위에 후추를 솔솔 뿌려주면 완성입니당! 양이 딱 적당한 것 같아요!', '꾸덕꾸덕 걸쭉걸쭉하니 딱 제가 원하는 농도로 잘 만들어졌어요! 처음 만들어 본 크림파스타! 맛은 어떨지 한 번 먹어볼게요.', '진짜 거짓말 안하고 밖에서 파는 거랑 맛이 정말 똑같아요!!! 너무 맛있어서 놀랬어요. 집에서 쉽게 만든 크림파스타가 이렇게 맛있다니!!! 이건 대박사건이예요!!!!!!', '크림파스타를 먹다가 냉장고에 있던 피클이 생각나서 함께 먹었어요. 크림파스타 ♥ 피클은 사랑이죠! 너무너무너무 맛있어요 진짜!!! 따봉']"
https://www.10000recipe.com/recipe/6841008,"['재료는 먹기 좋은 크기도 썰어서 준비해주세요^^인덱스도마', '고추장 2스푼, 간장 2스푼. 고춧가루 2스푼, 다진마늘 1스푼, 굴소스 1스푼, 올리고당 1스푼 넣어서 양념장을 이렇게 만들어주세요믹싱볼,계량스푼', '고기가 익어갈때 설탕을 넣고 더 구워주는게 백종원 제육볶음의 포인트^^ 동물성 단백질로 구성된 식재료는 설탕부터 사용해야 단맛을 제대로 낼수 있다고해요 소금부터 넣거나 다른 것부터 간을 해버리면 설탕입자는 들어가지 않아서 고기에 단맛이 안베니까 꼭 설탕부터^^ 2스푼 넣었습니다!!! 기호에 따라 가감하시길궁중팬', '손질해둔 야채와 양념장을 넣고 볶아주세요', '모든 재료가 다 익으면 제육볶음 끝^^']"
https://www.10000recipe.com/recipe/6889388,"['혼자 먹을 양이라 파스타는 100원짜리동전 크기만큼 잡아서 사용했어요통마늘은 편으로 썰어 준비해주시고요백종원님은 페페론치노를 손으로 잘게 뜯어서사용하셨는데 저는 그냥 통으로 사용했어요~', '면을 먼저 삶아줘야 겠쥬 ~끓는 물에 소금을 약간 넣어 준뒤면을 넣고 7~8분정도 삶아주세요', '면이 익는 동안 오일소스를 만들어줄꺼예요팬에 올리브유를 4~5큰술 정도 넉넉히 넣어주세요', '그다음 편마늘과 다진마늘, 페페론치노를 같이 넣고잘 섞어주시면 기본 오일소스는 준비된거예요', '면이 다 익었으면 오일소스 팬에 불을 약하게 올리고마늘이 노릇노릇 해질때까지 익혀주세요마늘이 익기전에 면을 넣으면 안된다고 하더라고요', '마늘이 노릇노릇하게 잘 익었을때 면을 건져서 넣어주고취향에 맞게 소금간을 적당히 해준뒤면수를 넣어 오일과 면이 잘 어우러 지도록 해주세요', '면수가 어느정도 졸아들면 맛있는백종원 알리오올리오 파스타 완성이예요 :)생각보다 넘 간단하지요 ~~^^', '소금을 좀 적게 넣어줘서 저는 살짝 밍밍하길래파마산치즈가루를 더해 짭쪼롬함을 더해줬어요알리오올리오 파스타 본연의 맛을 즐기는 것도 좋지만베이컨이나 햄을 더해줘도 정말 맛있을것 같아요']"
https://www.10000recipe.com/recipe/6871949,"['시간이 없다보니 깐 메추리알을 이용했어요 그냥 메추리알을 사서 삶고 껍질까서 사용하면 좋겠지만 깐거 한번 사용하기 시작하니깐 삶고 껍질까는게 엄청 귀찮더라구요 ㅎㅎ', '깐 메추리알은 채에 받쳐서 여버런 깨끗이 씻어서 준비해주세요', '그리고 냄비에 메추리알과 분량의 양념을 넣어주시면 되는데요 물은 머그컵으로 반정도 넣어주고 간장, 설탕, 미림, 올리고당등을 넣어주세요 꽈리고추나 마늘을 같이 넣어서 졸여주셔도 맛있답니다 그리고 좀 싱겁게 드시고 싶으신 분들은 간장의 양을 조절주시고 단맛을 조절하시고 싶은 분들은 설탕이나 올리고당 양을 조절해주세요', '분량의 양념들을 다 넣었으면 센불로 한번 팔팔 ~ 끓여주시구요 끓기 시작하면 중불로 줄여서 국물이 거의 없어질 정도로 졸여주시면 되요', '색이 곱게 입혀지기 시작하죠?ㅋ 전에 전자렌지로 장조림 만드는 법을 포스팅한적이 있었는데 전자렌지로도 간단하게 만들수는 있지만 이렇게 색은 잘 안입혀지더라구요 ~ 그래서 살짝 덜 맛있어 보인다는 단점이..ㅠ', '바글바글 ~ 졸여주시면 국물이 거의 안남았을쯤에 이렇게 양옆으로 거품이 보글보글 올라오기 시작해요 그러면 그때, 불을 꺼주시면 된답니다']"
https://www.10000recipe.com/recipe/6891816,"['잔멸치 국그릇1이예요대량으로 구매를 해서 몇 그람 정도인지 몰라서 비커에 넣어 봤어요ㅋ 300cc네요', '멸치 비린내를 없애기 위해서 볶음팬에 아무것도 없이 멸치만 넣고 중간불에 볶아주세요', '멸치가 약간 노릇노릇하게 되었을때 오일을 3T넣고 볶아주세요 저는 카놀라유를 사용했어요 약간의 기포가 생길때 불을 끄고', '맛술1T,간장1T를 넣고 골고루 섞어주세요', '올리고당 3T와 설탕 티스푼1T 넣고 약불에서 아주 잠깐만(3초~5초) 골고루 볶아주세요(달게 드시지 않으시면 설탕은 생략하셔도 됩니다)', '다시 불을 끄고 참기름1', '깨소금1T', '골고루 섞어주면 완성입니다']"
https://www.10000recipe.com/recipe/6876755,"['대파 1대는 송송 썰어주세요. 파는 많을수록 파기름을 내주어 맛있답니다.도마,조리용나이프', '김치는 도마에서 자르면 김칫국물이 베이기 때문에 그릇에 넣고 가위로 대강 잘게 잘라주세요.볼,주방가위집에 신김치가 없다면 식초를 1T 넣어 신김치를 만들어줘도 좋아요. 반대로 김치가 너무 시다면 설탕을 1T 넣어 신맛을 잡아주세요.', '달걀은 그릇에 깨 소금 한꼬집과 비린내를 잡기 위한 미림(맛술) 1/2T를 넣고 잘 풀어 준비해주세요.볼,요리젓가락', '팬에 기름 2큰술을 두르고 대파를 넣어 강불에서 볶아준 후 파기름이 올라오면 잘라둔 김치를 넣고 볶아주세요.프라이팬,요리스푼', '김치와 대파가 잘 섞이면 고춧가루 1큰술과 간장 1큰술을 넣어 볶아주세요. 이 때 간장은 재료들을 팬의 한쪽에 밀어넣고 다른 한쪽에 넣어 파르르~끓어오른 후 재료들과 함께 섞어주세요.간장을 한쪽에 긇이면 향을 입혀 볶음밥 요리에 감칠맛을 더해준답니다.', '간을 마친 후 찬밥을 넣고 주걱으로 가르듯이 섞어주세요.간을 한 후에는 중불~약불에서 볶아줘야 양념에 타지 않아요.', '마무리로 참기름 1/2큰술을 넣어주세요.', '밥공기에 밥을 꾹꾹 눌러담아 적당하 크기의 팬에 뒤집어주세요.꾹꾹 눌러담아야 모양이 예쁘게 잡힌답니다.', '다시 볶음밥을 불에 올려준 후 팬이 달궈지면 만들어둔 계란물을 빙~둘러주세요. 계란물을 얇게 부었다면 윗면까지 쉽게 익지만 두꺼워서 잘 익지 않는다면 뚜껑을 덮어 익혀주면 완성입니다.', '완성된 백종원 김치볶음밥,']"
https://www.10000recipe.com/recipe/6846066,"['채소들은 비슷한 길이로 채 썰어줍니다.', '부침가루에 찬물을 부어 잘 섞은 후', '준비한 채소를 넣고 버무려줍니다. 보이는 것과 같이 반죽 양의 농도는 약간 뻑뻑할 정도로 흐르지 않게 했어요.', '팬에 기름을 넉넉히 두르고 반죽을 넣고', '앞뒤로 노릇하게 부쳐줍니다.', '요즘 모든 거의 음식에 당근화를 실천하고 있어서 당근은 기본이고 양파와 청양고추도 넣고 반죽은 뻑뻑하다 싶을 정도로 해서 바삭함을 살려봤어요. 전은 다 좋은데 먹고나면 소화가 잘 안되서 밀가루 양을 줄였더니 부담없고 좋더라고요. 부추가 기름에 튀겨지면서 아주 바삭함이 좋더라고요 아마 반죽이 많았다면 바삭함은 없고 축 처지는 전이 되었을거에요. 부추전이 바삭할때 간장에 콕 찍어 먹었더니 바샤샥 소리와 함께 고소한 맛이 참 좋더라고요.']"
https://www.10000recipe.com/recipe/6879701,"['먼저 만둣국에 들어갈 재료부터 준비합니다. 만두 8개, 후추 약간, 소금 약간, 계란 1개', '그리고 양파 1/4 ~ 1/2개, 대파 1대', '계란은 미리 풀어서 준비해요.', '육수를 내기 전, 아무것도 두르지 않은 냄비에 건새우 한 줌, 멸치 한 줌, 다시마 2장을 넣고 달달 볶아줍니다. 그래야 비릿한 향이 날아간다고 해요.', '내용물을 어느 정도 볶은 후에는 물 1.2L 부어주시고요. 물이 끓기 시작하면 다시마부터 건져냅니다. 나머지는 10분 정도 더 끓여주도록 해요.', '육수가 완성되면 만두와 양파를 조심스레 넣어줍니다.', '국물이 끓기 시작하면 국간장 한 큰 술을 넣고, 나머지는 간은 소금으로! 그리고 나서 송송 썰어둔 대파를 넣고 한 번 부르르 끓여준 뒤 후추를 톡톡 넣어주시고요.', '마지막으로 계란물을 둘러 가며 부어준 뒤 한소끔 끓여주기만 하면 백종원 만둣국 끓이는 법은 이렇게 끝이 나요 :)', '맛있게 끓인 만둣국 한 그릇 가득 담아서 새콤하게 익은 김치와 함께 먹으면, 진짜 마시쪙!!! +_+', '속이 따뜻하고 든든해야 추위도 덜 탄다고 하죠? 아침 시간 바쁘다고 우유 한 잔으로 대충 때우지 마시고, 15분만 일찍 일어나셔서 뜨끈한 만둣국 한 그릇 끓여드시고 출근하시는 건 어떠실지 :)']"
https://www.10000recipe.com/recipe/6920464,"['너무 간단하게 맛있는 군밤 만드는방법이제 집에서 쉽고 간단하게 에어프라이기 아이쿡으로 만들어먹자구요.', '우선 밤은 깨끗하게 세척을 해서물에 1시간 정도 담가서 불려 주세요.그래야 껍질에 칼집을 넣기가 수월하답니다.', '1시간 정도 불려둔 밤의 아랫부분에 세로로 칼집을 넣어 주세요+로 넣으셔도 되세요.저는 2개 다 해봤어요.', '그럼 군밤을 넣고 200도에서 15분 돌려 주세요.에어프라이어', '에어프라이어 용량이나 성능에 따라서 익는 정도가 다르니열어 보셔서 칼집 넣은 곳이 잘 벌어지지 않았다면조금 더 돌리시면 되세요.그럼 완성']"
https://www.10000recipe.com/recipe/6865356,"['숙주는 흐르는물에 깨끗히 씻어 물기를 빼주세요 그리고 파는 먹기좋게 송송 썰어서 준비!', '먼저 물에 굵은소금 반스푼을 넣고 끓이다가 끓기 시작하면 숙주를 넣어주고 1-2분정도 데쳐주세요 숙주의 아삭함을 살리기위해선 살짝만 데쳐줘야되용', '적당히 데쳐진 숙주는 찬물에 헹궈주고 물기를 꼭 짜서 볼에 담아줍니다', '그리고 숙주양념을 알맞게 넣어주세요 다진마늘 반스푼 / 소금 / 참기름 1스푼 / 대파 / 통깨 소금은 간보면서 조금씩 취향껏 넣으심 될것 같아요~!', '이제 다됫으니 비닐장갑 끼고 조물조물~ 밥이랑 같이먹는 반찬이기때문에 넘 싱거우면 맛없어요 :)', '넘 간단하고 맛있는 숙주나물무침 완성']"
https://www.10000recipe.com/recipe/6840689,"['요즘에는 간편미역이라고 해서 씻은 미역을 20g 잘라담아서 팔고 있습니다 20g을 다하면 너무 양이 많아서 2인분용으로 절반만 썼어요 여기에 물을 넣으면 금방 불어납니다', '키친타월로 소고기 피를 살짝 뺍니다', '쌀뜬물로 하면 더 맛있다고 해요 첫번째는 그냥 버리고 두번째 쌀뜬 물로 준비합니다', '참기름을 두르고 소고기를 볶습니다 소고기라서 금방 익네요', '불린 미역을 물기를 빼서 넣고 3분정도 볶습니다', '냄비가 달라붙을거 같아서 코팅된 후라이팬에 볶았는데요 볶은 고기와 미역을 냄비로 옮겨놓고 쌀뜬물을 넣습니다', '마늘 반술', '국간장 큰술 2를 넣습니다 나머지 간은 꽃소금을 넣어가면서 잡습니다 그리고 중불에 10분 약불에 20분정도 끓입니다']"
https://www.10000recipe.com/recipe/6859194,"['고추장아찌황금레시피,고추장아찌담그는법', '고추', '간장1:설탕1:식초1:물1여기서 고추는 청양고추나 일반 고추나 좋아하시는 취향으로 하시면 됩니다.여기서 기억해두어야하는건 간장1:설탕1:식초1:물1비율로 하시면 됩니다.', '고추를 흐르는 물에 깨끗하게 씻어주세요.', '씻어낸 고추는 체에 걸러 물기를 제거해주시고 남은 물기는 키친타올이나 깨끗한 천으로 물기를 모두 제거해주세요.', '고추의 꼭지 부분을 1cm정도만 남겨두고 잘라주세요. 여기서 깔끔하고 꼭지를 제거한후 담그면 모양도 이쁘고~먹을때도 편해요~', '친정엄마께서는 이쑤시개를 이용해서 구멍을 내주라 하셨는데~ 저는 포크를 이용해서 고추에 구멍을 내주었어요 여기서 고추에 구멍을 내주는 이유는 물론 양념이 잘베라는것도 있지만~ 나중에 숙성되었을때 물이 쭈욱 나오는걸 방지해줍니다.', '간장1:설탕1:식초1:물1 비율로 넣고 펄펄 끓여준뒤 한숨 식혀줍니다. 친정엄마께서는 뜨거운김으로 넣지말고 손을 담갔을때 뜨뜬할 정도가 되었을때 넣어주라 하시는데 이유는 모르겠어요 ㅋㅋㅋ 담에 물어볼께요 ㅋㅋ 여튼 한숨 식혀줍니다.', '장아찌를 담글 그릇을 준비한뒤 고추를 담아주고~', '고추가 잠길정도로 끓인 간장물을 넣어줍니다.', '요렇게 해서 저는 밖에서 이틀 을 숙성 시켜준뒤 냉장고에 보관해두었어요', '그리고 열흘뒤 고추장이찌를 열어 보았더니 색이 이쁘게 베었어요^^']"
https://www.10000recipe.com/recipe/6906655,"['두부는 체에 받쳐 물기를 빼주세요푸딩같은 탱글함! 산미르 비단두부 4팩 / 전두부 4종 모음', '양파는 얇게 썰어주시고 파는 송송 썰어둡니다양파 1/2, 파 1/2,', '양념장도 만들어주세요물 100ml, 간장 4 큰 술, 고춧가루 2 큰 술, 굴소스1/2 큰 술, 다진 마늘 1 큰 술, 설탕 1 큰 술, 깨 1 큰 술, 참기름 1 큰 술', '두부도 먹기 좋게 썰어주세요두부 한모', '식용류 1/2 큰 술, 들기름 1 큰 술를 두룬 팬에 두부를 구워주세요양면을 다 구워주시면 됩니다 1분정도씩 부들부들하게 구워요식용류 1/2 큰 술, 들기름 1 큰 술중약불', '두부가 구워졌다면 야채와 양념장을 올리고 5분더 끓여주세요중약불', '이제 뚜껑을 덮고 1분 더 끓여줍니다중약불', '너무 간단하게 완성이죠~^^']"
https://www.10000recipe.com/recipe/6899928,"['먼저 고구마를 깨끗이 세척해주세요. * 껍질째 굽기 때문에 세척에 신경 써주셔야 하고요. 크기가 큰 고구마의 경우 시간 단축을 위해 반으로 잘라주셔도 좋아요.', '에어프라이어에 종이 포일을 깐 뒤 세척한 고구마를 넣어줍니다.에어프라이어', '200도에서 25분 정도 먼저 돌려줍니다. 5-10분 정도 지나자 고구마의 달달한 냄새가 진동 +_+ 빨리 먹고 싶당! * 제품마다 온도와 시간이 달라질 수 있으니 참고만 하시길 바랍니다.', '띵 소리가 나자마자 달려가 문을 열어보니 요렇게 잘 익은 군고구마가 뿅! 하지만 나는 좀 더 군고구마스러운 군고구마를 먹고 싶어!', '그래서 15분 더 돌려주기로 했어요. *돌리기 전 골고루 구워지라고 고구마 하나하나 뒤집어 주었고요. 온도는 200도 그대로 돌렸어요.', '15분 후 요렇게 먹음직스럽게 잘 구워진 군고구마가 딱 ~']"
https://www.10000recipe.com/recipe/6889570,"['청주 3, 다진 마늘 1, 생강가루 0.3, 후춧가루 약간을 넣어 돼지고기 밑간을 해주세요. 김치찜에 넣을 고기는 큼지막하게 넣거나 또는 덩어리로 넣어주고 먹기 직전에 가위로 싹둑싹둑 잘라 드심 된답니다.', '김치 1/4포기를 준비해주세요. *오래된 묵은지는 흐르는 물에 김칫소를 씻어 사용하세요. 또 너무 신 김치는 미리 설탕을 넣어 조물조물 무쳐 주셔도 되고요. 그럼 신맛이 달아난답니다', '양파는 채 썰어 주고 대파, 청양고추는 어슷 썰어 주세요.', '물 3컵을 그릇에 담고 양념재료인 된장 0.5, 국간장 5, 설탕 2를 넣고 고루 섞어 주세요. 여기에 새우젓 1숟가락 정도 추가하셔도 좋아요.', '냄비에 밑간해 놓은 돼지고기를 넣고 김치도 함께 넣어주세요.', '그리고 양념해 놓은 육수를 모두 붓고', '고춧가루 3, 양파, 대파, 청양고추를 모두 넣고 1시간 30분 정도 푹 끓여주세요. 처음에는 뚜껑을 열고 센 불에서 10분 정도 끓여주다 (그래야지 고기 잡내가 날아가요) 그다음 뚜껑을 닫고 불은 약불로 줄이고 뭉근하게 익혀줍니다. 김치가 가정마다 염도, 맵기도 그렇고 신맛도 모두 다르니 이럴 땐 설탕과 고춧가루를 조절해 가며 입맛에 맞게 간을 해주세요. 김치가 짤 때는 물에 살짝 씻어주거나 김칫소를 털어주거나 국물을 짜주세요. 1시간 이상 푹 끓이다 보면 고기에서 기름이 나와 김치에도 배어 윤기가 나고 고기는 야들야들하니 연해진답니다.', '돼지고기 김치찜 완성 ^^ 김치찜 하실 땐 돼지고기에 밑간을 해주심 잡내를 없앨 수 있으니~기억해 주시고요. 무엇보다 신선한 고기 구입이 우선이겠죠.']"
https://www.10000recipe.com/recipe/6869602,"['[밑반찬레시피]애호박볶음 만드는법', '재료:애호박1개,대파1대,홍고추1개양념재료:들기름2스푼,다진마늘1/3스푼,소금1/3스푼', '호박1개를 4등분해서 잘라주고 대파1대는 송송썰어줍니다.홍고추는 없으면 패스하셔도 상관없는데 저는 색감을 위해서 넣어주었어요.', '후라이팬에 들기름 2스푼을 넣고 대파와 다진마늘 1/3스푼을 넣고 볶아줍니다.', '파향이 올라오기 시작하면 썰어두었던 애호박을 넣어주세요.', '애호박에 들기름이 뭍어 나오기 시작하면 소금을 1/3스푼을 넣어줍니다.새우젓을 넣어도 맛있지만 오늘 저는 소금으로 간을 할께요.소금의 양은 입맛에 따라 틀려지므로 조금씩 넣으면서 간을 맞추는걸 추천해요.', '3분가량 더 볶아주다가 애호박이 익으면 홍고추와 깨를 넣어서 한번 휘릭 볶아내주시면', '간단한 밑반찬 애호박 볶음이 완성이 되었어요.']"
https://www.10000recipe.com/recipe/6917883,"['먼저 가지를 먹기좋게 썰어주어요,저처럼 동글하게 썰어도 좋고, 손가락 만하게 썰어도 OK!', '양파는 채썰고, 파와 고추는 너무 얇지않게 쫑쫑~ 썰어주세요.', '분량의 양념장을 만들어 주세요.간장 2큰술,굴소스 1큰술,설탕 1큰술,다진마늘 0.5큰술, 고추가루0.5큰술', '넉넉하게 기름을 두른 팬에 파를 먼저 넣고 볶아서 파향을 내어 주면 볶음의 풍미가 훨씬 좋아진답니다.', '파가 노릇해질때 가지와 양파를 넣고 계속 볶아주어요.', '가지가 어느정도 익으면 양념장을 넣고 양념이 잘 베이도록 볶아줍니다.', '완성무렵에 참기름 1큰술 휘리릭~ 둘러주고요, 고추도 넣어줍니다. 지금 고추를 넣으면 씹히는 맛이 있어좋더라구요.', '마지막으로 통깨 0.5큰술 톡톡톡~ 완성입니다 : )', '가지는 호불호가 있는 채소인데 이렇게 맛있게 볶는다면 아마도 모든분들이 만족하며 드실 수 있으실 거에요 : D']"
https://www.10000recipe.com/recipe/6905743,"['재료를 준비해주세요~.', '양념재료를 모두 넣어주세요~.', '양념재료가 잘 섞이도록해주세요~.', '대파와 청양고추는 어슷썰어주고 양파는 1cm 두께로 썰어주세요~.', '돼지고기는 한입크기로 썰어주세요~.', '만들어둔 양념장을 고기에 넣어 버무려주세요~.', '양념 후 바로 볶아도 되지만 냉장고에 30분정도 두어 숙성시켜주면 양념이 베어 더욱 맛있답니다~!!', '팬에 식용유 2큰술과 대파를 넣고 강불로 3분정도 볶아 파기름을 내주세요~.', '양념한 고기를 넣어주세요~.', '중불로 볶아 고기를 완전히 익혀주세요~.약 8분정도면 다 익는답니다~!!', '양파와 청양고추를 넣어주세요~.', '강불로 2분정도 볶아준뒤 불을 꺼주세요~.', '마지막으로 통깨를 뿌려주면 맛있는 제육볶음 완성입니다~!!']"
https://www.10000recipe.com/recipe/6926087,"['먼저 물을 올려주세요.저는 시판 육수소스를 사용했지만 육수를 내실 분들은멸치 다시마를 넣고 15분간 팔팔 끓여주세요.물이 끓으면 다시마는 제거해 육수를 만들어주세요.', '육수를 끓이는 사이 부재료를 준비해주었어요.감자.애호박.양파는 모두 깍둑 썰고 남은 버섯 등도 편썰어 준비해주세요.', '시원한 국물을 위해 바지락 등 조개류를 넣어주어도 참 맛이 좋답니다.저는 칼칼한 맛을 위해 청양고추를 썰어주었고 대파도 송송 썰어 준비해주었어요.', '육수가 팔팔 끓어오르면 이제 된장을 넣어주면 되는데요.저만의 꿀팁은 집된장과 시판된장을 반틈씩 섞어주는 방법이에요.집된장만을 넣으면 너무 짜기 때문에 시판 된장을 함께 넣어주면국물이 훨씬 진하고 간이 딱 맞게 된답니다.', '된장을 넣어줄 때 깔끔한 국물맛을 원하시는 분은 이렇게 체에 걸러주면서 넣어주면국물이 텁텁하지 않고 깔끔한 맛을 낼 수 있어요.', '여기에 고추장 1/2큰술정도가 포인트인데요.고추장을 넣으면 훨씬 감칠맛 있고 국물 맛이 좋아진답니다.', '이제 준비한 감자와 애호박, 양파, 버섯 등을 모두 넣어주세요.', '재료들을 넣고 간만 해주면 끝인 넘넘 쉬운 된장찌개 맛있게 끓이는법국에 설탕을 1/2작은술정도 살짝 넣어주면 맛이 훨씬 감칠맛이 있어요.여기에 다진마늘 1/2큰술 정도로 향을 내주면 간은 끝난답니다.따로 소금 간장 간 등을 안해주어도 된장의 짠기로 맛을 내주니까 간맞추기도 참 쉽죠.', '이제 취향껏 적당히 졸여주어도 되고맛을 보고 된장 맛이 너무 나지 않으면 된장을 조금 추가해주는게 좋아요.시판 된장도 각각 그 짠맛이 다르기 때문에 취향껏 조절해주시는게 좋겠죠?', '마무리로 대파와 청양고추를 넣어 칼칼함까지 더해주고보글보글 끓어오르면 완성입니다.']"
https://www.10000recipe.com/recipe/6850116,"['돼지고기는 핏물을 빼주세요', '잘익은 김치 한포기를 꺼내서 잘라주세요 친정엄마표 김치라 너무 맛있답니다', '냄비에 들기름 적당히 두르고', '김치를 넣고 볶아주세요', '다진마늘 한스푼, 설탕 한스푼 넣어주세요', '종이컵으로 물 8컵 부어서 센불에 끓여주세요 원래는 쌀뜬물을 넣어야되는데 없어서 패스했습니다ㅎㅎ', '핏물 뺀 돼지고기를 넣어주세요ㅊ', '백종원 김치찌개에는 된장이 들어가요 고기잡내 제거에 딱이라고 합니다^^ 된장 반스푼 넣어주세요', '양파 반개, 청양고추 한개를 썰어서 넣어주세요', '간장 두스푼반', '새우젓 두스푼', '고춧가루 두스푼반 넣어주세요', '돼지고기 김치찌개는 오래 끓여야 더 맛있습니다중불로 줄여서 오래 끓여주세요~!!', '마지막에 파 쏭쏭 썰어서 마무리하면 돼요^^']"
https://www.10000recipe.com/recipe/6872216,"['말린 고사리를 사용할 경우 하루 전날 불려 쌀뜨물(없다면 물)에 넣고 중불로 15분 정도 삶아주세요.고사리가 부드러워지면 건져내 찬물에 헹궈주면 됩니다.삶은 고사리는 시장에서도 많이 판매하고 있으니 구입하는데 어렵진 않으실 거예요.물기가 있는 채로 볶아줄 거라서 뚝뚝 떨어지지 않을 정도로만 손으로 눌러가며 물기를 제거해주시고요.300g, 약 2줌 반 정도 준비해주시면 됩니다.', '중약불로 달군 팬에 들기름 4큰술와 고사리 300g을 넣어주세요.', '뚜껑을 덮어 7-8분간 볶아주세요.', '쉽게 탈 것 같지만 고사리가 수분을 머금고 있어 골고루 익혀진답니다.뚜껑을 덮어 익혀주기 때문에 수분이 날아가지 않아요.촉촉하면서도 부드러운 고사리볶음을 만들 수 있어요.', '국간장 1큰술, 다진마늘 1큰술, 다진파 1큰술, 설탕 1작은술을 넣어주세요.이때 모자란 간은 소금으로 더해주세요.Q. 마늘과 대파를 넣는 이유?A. 감칠맛을 더하는 것도 하나의 이유지만 고사리와의 궁합이 좋기 때문이에요.고사리에는 비타민B1이 많고 마늘, 파에는 알리신이 많이 함유되어있어 영양적 결함을 없애주고비릿한 특유의 냄새를 제거해주는 효과가 있어요', '중불에서 1분간 골고루 볶아준 뒤 뚜껑을 덮어 다시 3분간 볶아주세요.깨소금을 넉넉히 넣어주며 마무리.', '고사리가 질긴 편이라면 뚜껑을 덮기 전 물 4-5큰술을 같이 넣어주세요.']"
https://www.10000recipe.com/recipe/6875872,"['어른2, 아이2 먹는 기준양이예요.', '소고기는 취향에 맞게 준비하시면 되는데요. 아삭한 콩나물의 식감만 원하신다면 빼셔도 좋아요~ 저희는 고기를 워낙 좋아하기 때문에 간 소고기도 따로 준비했어요.', '쌀은 깨끗이 씻어서 전기밥솥에 넣어주시구요. 쌀과 동일한 양의 물도 밥솥에 같이 넣어주세요.', '그리고 콩나물도 깨끗이 씻어서 준비해주세요~ 다듬으셔도 좋지만 전 귀찮아서 그냥 사용했어요.ㅋ', '그 다음 씻어놓은 쌀위에 콩나물을 올려주세요~ 전 2줌 정도 사용했어요.', '그리고 전기밥솥의 백미쾌속 버튼을 눌러주었어요. 백미로 눌러주셔도 상관없는데 백미쾌속을 눌러주면 밥이 좀더 빨리되고 콩나물의 아삭한 식감이 살아난다고 해서 쾌속버튼을 사용했는데. 백미버튼 눌렀을때보다 그리 밥이 빨리 되지는 않은거같아요.ㅋㅋㅋ', '밥을 하는 동안 소고기는 살짝 밑간을 해주었는데요. 밑간하고 한 10분있다가 볶아서 사용하시면 되요. 소고기밑간은 다진마늘 1큰술, 간장 2큰술, 참기름 1큰술, 설탕 1/2큰술, 후추약간 을 넣어서 버무려 주시고 10분~20분 정도 놔둔후에 볶아주었어요.', '소고기 밑간후에 콩나물밥에 들어갈 양념장도 만들어서 준비해주세요. 진간장 3큰술, 매실청 2큰술, 참기름 1/2큰술, 대파, 고춧가루(취향따라) 분량의 양념을 넣고 섞어서 준비해주시면 되는데요. 저는 아이들이 먹을 양념장은 고춧가루는 빼고 준비해줬구요. 저랑 신랑이 먹을 양념장에는 고춧가루를 1큰술 더 넣어줬어요.', '밑간을 해둔 소고기는 10분정도 후에 기름을 두르지 않은 팬에 볶아서 따로 준비해 주었어요.', '그리고 잠시후, 완성된 콩나물밥~!! 밥이 완성되면서 퍼져오는 콩나물향이 정말 맛있게 느껴지더라구요~~! 빨리 퍼먹고 싶어지는.ㅋㅋ 제가 콩나물을 좀 많이 넣어서 그런지 밥이 약간 질긴 했는데요. 그래도 먹기 나쁘진 않은 정도였어요^^', '완성된 콩나물밥위에 미리 볶아준 소고기를 올려주고 양념장을 따로 준비해주었어요. 처음 해주는거였는데도 가족들이 너무 맛있다고 해서 기분좋았는데요. 큰딸은 요즘 맨날 콩나물밥 해달라고해서 살짝 귀찮..ㅋㅋㅋ']"
https://www.10000recipe.com/recipe/6860160,"['호박 고구마인데요. 고구마 종류는 상관이 없어요. 우선 찬물에 식초 2큰술을 넣고 세척해주세요. 맑은 물에 서너번 헹궈주시구요.', '물기를 제거한 뒤에 고구마 양 끄트머리를 잘라줍니다.', '찜기를 사용할 것인데, 찜기에 물이 닿지 않을 만큼만 물을 넣어줍니다. 그리고 마른 다시마 1장을 넣어줍니다.', '찜기 위에 고구마를 올려줍니다.', '센불에서 15분 익혀줍니다.', '불을 중불로 줄여서 10분 정도 익혀 준 뒤에 불을 끄고 10분 정도 뜸을 들입니다.', '다 익었나보려면 젓가락으로 찔러보아 잘 들어가면 다 익은 것입니다.', '맛있는 찐 고구마가 완성되었습니다.']"
https://www.10000recipe.com/recipe/913370,"['먼저 알타리무(3단)는 무와 무청사이의 흙을 칼로 다듬어준 뒤, 흐르는 물에 2번정도 씻어줍니다. 저는 무에 상처가 나지 않도록. 부드러운 수세미로 겉 흙만 제거할 정도로 닦아주었습니다.', '그리고 굵은소금(3컵)을 뿌린 뒤, 물(3L)를 부어 2시간정도 절여줍니다. 무를 썰지 않고 절이므로 좀 오래 절여야해요. 2시간이 정닥하답니다. 알타리무 1단당 굵은소금 1컵, 물 1L를 부어주심 되어요. 좀 더 빨리 절이고 하려면 알타리무를 2등분해서 1시간정도 절이면 됩니다.', '무가 절여질동안 찹쌀풀을 만드는데요. 냄비에 찹쌀가루(3), 물(2컵)을 부어 덩어리 없이 잘 풀고, 불에 올려 숟가락으로 저어가며 끓입니다. 보글보글 끓으면 1분정도 더 저어가며 걸쭉하게 끓여준 뒤 찹쌀풀을 만듭니다. 찹쌀가루가 없다면 찹쌀가루 대신 밀가루(3)를 넣어주세요. 그럼 밀가루풀이 됩니다.', '고춧가루(3컵)+ 멸치액젓(1컵)+ 새우젓(4)+ 다진마늘(6)+ 양파갈은것(1컵)+ 설탕(4.5) 위 재료와 위에서 만든 찹쌀풀을 넣어 양념장을 만들고, 양파를 갈아서 넣으면 시원하니 맛있답니다.', '쪽파(1/2단)는 깨끗이 다듬어 손가락 길이만큼 썰어 준비합니다.', '2시간정도 절여진 알타리무는 흐르는물에 2번정도 깨끗이 헹궈 체반에 받쳐 물기를 빼준 뒤, 쪽파(1/2단), 양념장을 넣고 살살 밑에서 위로 버무려줍니다. 무청이 떨어지지 않게 두손으로 살살 버무려주세요.', '그리고 무청은 떨어지지 않게 무에 돌돌 감고', '김치통에 나란히 차곡차곡 담아준 뒤, 실온에서 2일정도 숙성시켜 냉장보관하면 됩니다. 알타리무를 썰지 않아서 좀 오래 숙성시켜야 익어요. 전 이틀정도 실온에 둔 뒤 냉장보관했습니다. 그리고 먹을때 2등분으로 해서 먹었습니다. 꼭 익으면 냉장보관 하시구요. 냉장고에서 익으면 맛이 없답니다. 실온에 두면 국물도 자작하게 나와서 걸쭉해집니다.']"
https://www.10000recipe.com/recipe/6871961,"['먼저 감자칼로 감자의 껍질을 벗겨준 뒤 얇게 채를 썰어주세요.', '얇게 채썬 감자는 흐르는 물에 두어 번 헹궈 전분기를 빼주시구요. 체에 밭쳐 물기를 제거해줍니다. * 보통의 감자전은 전분기로 인해 쫄깃한 식감이 느껴지지만 이번에 만들 감자채전은 쫄깃한 식감보다는 바삭한 식감을 살려주기 위해 전분기를 제거해 준비해주도록 해요. *', '물기를 뺀 감자는 볼에 담아주시구요. 부침가루 1.5 큰 술과 소금 반 티스푼, 후춧가루 적당량을 넣고 잘 섞어주세요.', '이렇게 숟가락으로 조심스레 섞다 보면 감자에서 물기가 나오기 때문에 물을 따로 넣지 않아도 돼요.', '예열된 팬에 식용유를 넉넉하게 두른 다음 원하는 크기대로 반죽을 올려 중불에서 노릇하게 구워줍니다. ** 감자 속이\xa0투명하게 변하고, 감자채전 가장자리가 노릇해지면 뒤집어주세요. **', '노릇노릇 먹음직스럽게 구워진 감자채전 ♡ 강판에 갈아먹는 부드럽고 쫄깃한 감자전과 달리 바삭한 식감으로 씹는 맛이 남다르다 보니\xa0자꾸만 손이 가네요 +_+', '간이 삼삼해서 그냥 먹어도 좋고, 식초와 간장, 고춧가루를 넣은 간장소스에 찍어 먹어도 good! 아, 넘 맛있게 잘 먹었네요 -']"
https://www.10000recipe.com/recipe/6832325,"['먼저 가지를 깨끗하게 씻은 다음 어슷하게 썰어줍니다. (두께는 한 0.8~1cm 정도)', '달궈진 팬에 가지를 올려 구워줍니다. 식용유는 NO~ 기름없이 그냥 구워줍니다.약불요기에 소금을 약간 뿌려주세요', '진간장 3, 고추가루 1, 설탕 1, 참기름 1, 파, 마늘, 깨를 넣고 양념장을 만듭니다. (매운 청양고추를 송송 썰어 넣으셔도 됩니다.', '구운가지에 양념장을 넣고~', '양념장이 가지에 잘 배기도록 조물조물 무쳐주면 끝~']"
https://www.10000recipe.com/recipe/6623046,"['닭은 껍데기에 지방이 거의 다 붙어있기때문에 지방 섭취하기가 꺼려지는분들은 미리 닭껍질을 손질해서 준비해주세요.전 늘~ 껍질을 제거해서 만드는데 국물이 훨씬 깔끔해서 좋더라구요^^', '손질된닭이 푹 잠길만큼 우유를 부어주어요. 숙성과 잡내를 제거하기 위함이에요~이렇게 우유에 30분정도 담궈두면 냄새도 안나고, 육질도 엄청 부드러워지거든요^^', '30분후 물에 여러번 헹궈내고, 닭이 잠길만큼의 물을 부어 설탕3큰술을 함께넣고 끓여주어요. 백종원쉐프가 분자가 어쩌고 저쩌고 유식한말을 하면서ㅋㅋㅋ설탕을 제일먼저 넣어주면 재료에 양념이 베어드는걸 도와주고, 암튼 맛이 좋아진다고 그러더라구요^^', '닭이 끓는동안 야채를 손질해야겠죠~', '감자는 큼지막하게 썰고, 양파,버섯,당근은 먹기좋게~ 그리고 대파와 청양고추는 어슷썰어 준비해주세요.', '물이 끓기시작하면 불순물이 하나둘 떠오르기 시작하는데요, 수저를 이용해서 거품을 걷어내주시면 되어요.', '오래 익혀야하는 감자를 제일 먼저 넣어주고, 다진마늘2큰술도 넣어주세요.', '양파도 넣어줍니다.', '당근도 퐁당~ 전 익은 당근이 싫어서 조금만 넣어줬어요ㅋㅋㅋ 이런 편식쟁이 같으니라고!! 그러면서 애들보고 당근먹으라고 닥달하는 엄마ㅋㅋㅋㅋㅋㅋㅋㅋㅋㅋㅋ', '국물이 끓어오르면 진간장 1국자반을 과감하게~ 백종원 닭볶음탕 만들기 레시피는 국자로 계량하니 한방에 해결되서 편하네요ㅋㅋㅋ', '간장이 들어가니 국물이 갈색으로 변하는건 당연지사ㅋㅋㅋ 왠지 이대로 끓여먹어도 맛있을꺼 같아요^^', '칼칼하게 매운맛을 내기위해 고추가루도 1국자 넣어줍니다. 저는 닭볶음탕 끓일때 고추장을 꼭 넣는편인데,고추가루만 넣으면 국물맛이 텁텁하지않고 깔끔하다고 해요~', '고추가루가 풀어질때쯤 버섯도 추가~', '한쪽에는 살고기만 분리해서 두남매가 먹을 간장찜닭도 제조중이에요ㅋㅋㅋ 고추가루만 안넣으면 되니 늘~ 이렇게 함께 끓인답니다^^', '약한불에 5분쯤 끓여주니 재료에 맛이 쏙쏙 베어 들었네요.', '마지막으로 파와 청양고추를 넣고 한소큼 팍 끓여내면 맛있는 백종원 닭도리탕 완성!!']"
https://www.10000recipe.com/recipe/6906766,"['냄비에 계란이 잠길정도로 물을 붓고 소금 1스푼, 식초 스푼을 넣어 계란을 삶아줍니다 계란상태는 완숙, 반숙 선택사항인데요 반숙은 물이 끓기 시작하고 7분정도 완숙은 10~15분정도 삶아주시면 될것 같아요', '다 삶아지면 빠르게 찬물로 이동해 담궈주고 껍질을 까서 준비해줍니다', '진간장 4스푼 / 국간장 2스푼 설탕 2스푼 / 올리고당 스푼 / 물 1컵반 + 통마늘도 함께 냄비에 분량의 양념과 통마늘을 넣고 바글바글 끓여줍니다', '간장양념이 끓으면 삶은 계란을 넣어주고', '계란의 겉면이 색이 입혀질때쯤 청양고추도 듬성듬성 썰어 넣어 중불에서 뭉근하게 끓여줍니다', '국물이 거의 줄어들고 달걀에 양념이 잘 베어 거뭇해지면 계란외에 건더기는 건져주시면 끝!! 간을 보시고 좀더 짭쪼름한게 좋다 하시면 좀더 조려주시면 되겠죠?']"
https://www.10000recipe.com/recipe/6928209,"['닭은 먹기좋은 크기로 잘라 생강술이나 맛술을 뿌리고, 후추를 약간만 뿌려 재워두세요.닭을 우유에 담궜다 사용하면 육질이 훨씬 부드럽고, 맛술에 재울땐 비닐봉투에 넣어 묶어두면 뒤집기도 편하고 좋아요.', '양파는 1Cm 굵기로 채썰어 주세요.', '고구마는 껍질을 벗기고 1.5Cm 정도의 손가락 굵기로 썰어 썰어주세요.', '당근은 1Cm 굵기 원형으로 자른뒤 폭 0.5Cm 로 채썰어주세요.', '깻잎은 겹쳐서 2~3Cm 폭으로 썰어 뭉치지 않게 손으로 털어 주세요.', '대파는 굵게 어슷썰거나, 반을 갈라 5Cm 길이로 썰어도 괜찮아요. 원하는 모양으로 썰어주세요~^^', '양배추는 조금 굵게 2~3Cm 폭으로 잘라 큼직하게 썰어두세요.', '떡도 손가락 굵기로 썰거나, 떡볶이용 떡을 이용할때는 서로 떼어서 다른 야채들과 함께 준비해 두세요.', '모든 양념장을 한데 섞어주세요.양념장 계량은 수저에 수북히가 아니고 깍아서 계량해야 양념이 남지 않아요~', '팬에 기름을 살짝 두르고 닭과, 양념장은 1/3만 남기고 모두넣어 볶아주세요.불을 중불로 쎄지 않게 볶아야 고기가 타지 않아요.', '고기의 겉면이 익으면 양파, 당근, 양배추, 고구마를 넣고 볶아주세요.불은 중불로 하세요. 불이쎄면 기름이 엄청튀고 양념이 타요.', '고기가 반정도 익고 양파가 투명해질 정도로 볶았으면 물 한컵, 남은 양념을 넣고 고기가 속까지 잘익도록 해주세요.물을 넣은 뒤에는 쎈불로 끓여 주세요. 너무 오래 끓이면 야채만 물러져요.', '국물이 어느정도 졸아들면 대파와 떡을 넣고 볶아주세요.국물이 조금 남아있어야 떡도 익어요. 너무 졸았을때 넣지 마세요.', '국물이 다 졸아들고 기름이 겉돌때까지 충분히 볶은 뒤에 깻잎을 올리고 불을 꺼주시면 완성입니다.^^']"
https://www.10000recipe.com/recipe/6876513,"['먼저 #낙지를 손질해야죠.. #냉동낙지를 사왔어요.. 저렴한 #냉동낙지로 야들야들한 #낙지볶음을 만들수 있다면 더할 나위 없겠죠?낙지 손질법 레시피', '낙지 머리를 뒤집어서 내장을 제거해 주고 다리를 뒤집어 낙지입을 제거해 줍니다. 엄지손톱으로 꾹 눌러주면 톡 튀어나올거에요.', '한참 박박 문질러 씻어 줍니다. 빨래하듯이 주물주물~~', '끓는물에 퐁당 #낙지를 넣고 살짝만 데쳐 주세요. 그리고 먹기 좋은 크기로 잘라서 준비 해 둡니다.', '양념장을 만들어요. 다진마늘1T, 고춧가루 2T, 진간장 3T, 설탕1T, 맛술 1.5T', '양파1개를 채썰고, 파 1대를 송송 썰어서 준비해요.', '프라이팬에 송송 썬 대파와 식용유 1/2컵을 넣고 파기름을 내 줍니다. 기름이 튈 수 있으니 뚜껑을 덮어 주세요.', '파기름이 끓어오르면 채 썬 양파를 넣고 뚜껑을 덮어 줍니다. 물기가 없어질 때까지 튀기듯이 눌려 불향을 입혀 주세요.', '양념장을 넣고 고추기름이 나올때까지 잘 섞어주세요. 양념이 탈 수 있으니 불을 최대한 줄이고 섞어주세요.', '#낙지와 잘게 썬 청양고추 두개를 넣고 #낙지에 양념이 베일때까지만 볶아주세요. 너무 오래 볶으면 #낙지가 질겨집니다.', '마지막으로 참기름과 깨를 넣어주면 끝. 여기에 콩나물, 김가루와 같이 먹으면 더 맛있지요..^^']"
https://www.10000recipe.com/recipe/6868921,"['묵은 플라스틱 케이스에서 꺼내 반으로 잘라줍니다.', '도토리묵을\xa0끓는 물에 1-2분 정도 살짝 데쳐 꺼내주세요.', '묵칼을 이용해 먹기 좋은 크기로 썰어주세요. 저는 사진에서 보시는 도토리묵 한 덩어리를 4등분 해서 준비했어요.', '이제 도토리묵 무침에 들어갈 야채를 손질해줍니다. 깨끗히 씻어 준 상추와 깻잎은 먹기 좋은 크기로 잘라주시고요. 당근은 채 썰어 준비해주세요.', '대파와 청양고추는 잘게 다져줍니다. 요건 양념에 넣을 거예요.', '그럼 도토리묵무침 양념장도 만들어 볼까요? 고춧가루 1.5 큰 술과 간장 5 큰 술, 매실청 1 큰 술, 설탕 1 큰 술, 통깨와 다져 놓은 대파와 청양고추를 투척~', '양념장을 잘 섞어준 뒤 손가락으로 콕 찍어 맛을 한 번 봐주세요. 저는 간이 딱 좋아서 다른 양념 추가 없이 바로 다음 단계로 넘어갔어요.', '볼에 상추와 깻잎, 당근, 도토리묵을 넣어줍니다.', '그리고 나서 양념장을 부어준 뒤 조심스레 버무려주기만 하면 도토리묵무침 만들기 완성!', '다이어트 음식으로 만들었는데, 먹자마자 막걸리가 생각나는 이유는 뭐죠? ㅎㅎㅎㅎ', '하.. 정말 진심 너무 맛있어요 ㅠㅠ 이런 다이어트음식이라면 정말 매일 먹을 수도 있겠어요ㅎㅎㅎ 남은 도토리묵 반으로 내일 또 무침 만들어 먹어야겠어요!']"
https://www.10000recipe.com/recipe/6860042,"['알배기 배추를 한입 한입 떼어 낸 후에 깨끗이 씻은 후에 손으로 툭툭 찢어 준 후에 다진마늘과 다진생강을 넣어 주세요.', '그리고 쪽파를 넣어 주시고요. 쪽파의 양은 원하시는 만큼 넣어 주시면 됩니다. 즉, 원하지 않으시면 대파를 어슷썰어서 넣어 주시면 되고요. 대파의 양은 어슷썰어서 1/2컵 정도의 양이면 됩니다.', '고춧가루를 넣어 주시고요. 겉절이라서 굳이 배추를 절이실 필요가 없고 또한 찹쌀풀도 넣지 않아도 됩니다.', '새우젓과 멸치액젓, 그리고 매실액을 넣어 줍니다. 이렇게만 하면 겉절이 양념 끝!!!', '조물조물 무치면서 설탕을 추가로 조금만 넣어 주세요. 겉절이는 방금 먹을 것이기 때문에 단맛이 충분히 들어가 주는 것이 좋더라구요. 매실액과 더불어서 설탕 아주 조금 넣어 주었습니다.', '그리고 통깨를 마지막으로 넣고는 잘 머무려 주세요. 통깨를 넣으면 보기에도 좋고 무엇보다 겉절이니 바로 먹기 때문에 넣어서 드시면 좋아요.', '잘 버무린 겉절이를 밀폐용기에 넣고는 바로바로 드셔도 좋고 숙성해서 드셔도 맛있어요. 금방 뚝딱 만드는 알배기배추 겉절이 완성입니다.']"
https://www.10000recipe.com/recipe/6885928,"['국수는 1인분 분량이지만 남편이 워낙 국수를 잘 드시니 넉넉하게 만들었다 사실 1인분만 만들면 분명히 모자랄 것이다', '어떤 분은 국수를 삶을 때 식용유를 한 큰 술 넣어 끓인다고 한다 그럼 국수를 천천히 먹어도 불거나 잘 퍼지지 않아서 좋다는데... 워낙에 잡채를 만들 때 당면을 그렇게 끓여주기는 하지만 소면은 처음이었다', '물이 끓어오르면 찬물을 넣고 한 번 더 끓여주기 그리고 찬물에 헹구는데 소면을 찬물에 헹구는데 기름기가 있으니 느낌이 좀 다르다!식용유도 한 큰 술 넣어 끓인다', '소면에 윤기 좔좔~^^', '분량의 양념장을 준비하고 김치를 썰어서 섞어준다', '국수를 삶는 동안 양념장을 만들어 김치와 섞어주면 김치에 양념이 배어 새콤달콤 맛있어진다', '식용유 한 큰 술 넣어 삶은 소면이 윤기가 난다~', '김치 양념장을 넣고 참기름과 깨를 뿌려 완성~!!', '남편의 호로록 국수 먹는 소리가 참말로 맛있게 들리고 맛있다고 몇 번을 이야기해 주는 소리도 참말로 듣기 좋네~']"
https://www.10000recipe.com/recipe/6877837,"['청양고추 2개와 홍고추 1개, 대파 1/3대를 잘게 썰어주시고요.다진 마늘 1 큰 술과 다진 생강 2 큰 술도 준비해주세요.', '냉동 꽃게도 4마리 준비합니다.', '냉동 꽃게 손질부터 해줄게요.먼저 칫솔로 꽃게 구석구석 잘 닦아주시고요.다리 끝을 가위로 잘라주세요.꽃게 손질법 레시피', '꽃게의 배를 열어 칫솔로 잘 닦아준 뒤 뚜껑을 열어 몸통 양쪽에 붙어 있는 아가미와 머리 쪽에 붙어 있는 모래주머니를 제거한 다음 칫솔로 한 번 더 구석구석 닦아주세요.(떼어낸 머리 구석 부분에 내장이 숨어 있을 수 있으니 손가락으로 슥 한 번 긁어주시는 것도 좋아요 ^^)', '꽃게 입도 깔끔하게 정리하고요.', '손질이 끝난 꽃게는 4등분으로 나누어 줍니다.(집게 다리는 먹기 불편하므로 국거리로 쓰려고 따로 빼두었어요.)', '먹기 좋게 자른 꽃게는 체에 밭쳐 물기를 빼주세요.', '이제 양념장을 만들어줄게요.간장 1컵(소주잔으로), 고춧가루 5 큰 술, 설탕 2.5 큰 술, 물엿 1 큰 술, 소금 1/2 작은 술, 미림 1/2 큰 술, 다진 마늘 1 큰 술, 다진 생강 2 큰 술, 다진 파 2 큰 술을 넣고 잘 섞어주세요.', '볼에 꽃게와 양념장을 넣고, 숟가락으로 조심스레 섞어주시고요.마지막으로 다진 청양고추, 홍고추, 통깨 약간, 후추 약간 넣고 한 번 더 섞어주기만 하면, 매콤달콤 양념게장 만들기는 요렇게 간단하게 끝이 나요!', '꺄 +_+ 진짜 맛있겠죠?만들자마자 다리 하나 먹어봤는데 개꿀맛 핵꿀맛 !!!정말 말이 필요 없더라고요 ♥', '오늘도 이렇게 맛있는데, 내일 되면 얼마나 더 맛있을까요?!**하루 더 숙성시켜주면, 더욱 맛있는 양념게장을 드실 수 있답니다.**', '신랑도 오래간만에 먹은 양념게장이 입에 딱 맞았는지 역시 양념게장 하면 우리 마누라라며 엄지를 척 들어 올려주더라고요 > _<응. 내가 생각해도 그런 것 같아 ㅋㅋㅋㅋㅋㅋ']"
https://www.10000recipe.com/recipe/1787453,"['오징어 1마리는 안쪽에 칼집을내고, 무우도 적당한 크기로 잘라 두줌정도 준비합니다.', '멸치, 다시마, 디포리 육수를 내서 물이 끓으면 무를 먼저 넣고 한소끔 끓이고', '다진마늘을 1/3큰술 정도 넣어요.', '무가 어느정도 익었으면 오징어와 고추가루를 넣어줍니다. 처음에 무랑 같이 오징어를 넣으면 질겨질 수가 있으니 오징어는 나중에 넣고 팔팔 끓여요..', '간은 신안 함초 천일염으로 합니다. 마트에서 판매하는 가공소금으로 간을 맞춘것과는 국물맛이 확실히 달라요~ 개운하고 감칠맛이 납니다요~', '대파를 넣고 마지막에 사진에서 보이듯이 윗부분에 뜨는 불순물을 숟가락을 떠 내세요. 그래야 깔끔한 국물이 됩니다.', '밥 말아 먹으면 아주 개운하고 시원한 오징어 국 완성이요~!!']"
https://www.10000recipe.com/recipe/6855118,"['양파는 얇게썰어 물에담가(30분정도) 매운기를 빼고 준비해 둡니다.', '부추는 3-4등분 하여 주세요.', '간장,고추가루,식초,설탕,마늘,들기름을 잘 섞어 양념장을 만들어줍니다.', '부추, 양파에 양념장을 잘 무쳐주어 깨를 뿌리면 완성.']"
https://www.10000recipe.com/recipe/6712470,"['주재료 순대 되십니다. ㅋㅋ 1000g 짜리 5천원 못 되게 주고 사서 반만 잘랐어요 500g 정도 되겠네요도마,조리용나이프', '그전에 당면이랑 떡가래 물에 담궈 주시고요..믹싱볼', '양파, 양배추, 당근, 파, 홍고추도 있어서 준비했구요..양파 1/2개, 양배추 2줌, 당근 1/4개, 대파 1/2대, 홍고추 1개 분량 정도', '순대볶음의 엑기스인 깻순입니다. 잘 씻어서 이것도 반만 준비했어요', '이제 끓는 물에 당면이랑 떡가래 삶아 주시고', '그사이 양념 준비할게요. 고추가루3, 고추장2, 설탕2, 간장4, 마늘1 잘 섞어서 준비해주세용소스볼,숟가락', '식으면 지들끼리 달라붙어서 난리도 아니니.. 들기름 넣고 비벼서 분리해주세요', '팬에 기름 두르고 순대랑 야채 다 넣고 볶아주다 정도 익었다 싶으면 집에 있는 소주를 살짝 둘러서 순대 잡내를 잡아주십니다요궁중팬,요리스푼', '그리고 준비해둔 양념넣고 볶아주세요. 골고루 양념 잘 섞이게 어느정도 볶다가', '들기름 넣고 비벼준 당면이랑 떡 그리고 파 넣고 다시한번 볶아주세요. 다 익은거라서 양념이랑 잘 섞이는 정도로만 볶아주심되어요', '자 요로코롬요 ㅎㅎ', '이제 하이라이트..깻순을 넣고 다시한번 깻순 숨죽을 정도만 볶으면 끝이예요.. 들깨가루도 있으면 넣어주면 고소롬하니 좋아요.']"
https://www.10000recipe.com/recipe/6869868,"['먼저 당면을 물에 담가 불려주세요.당면을 불려줘야 부드러운 잡채가 완성되요.', '표고버섯은 물에 담가 불려주세요.', '잡채용 돼지고기에는 양념에 재워주세요. 고기 양에 따라 양념은 달리지기 때문에 가감해주세요. 간장 2+설탕1/2+참기름1/2+다진마늘1/2+후추 1/2t를 넣고 잘 섞어주세요.', '시금치는 끓는물에 소금 1/2T를 넣고 살짝만 데쳐주세요.숨이 죽을 정도로 아주 살짝만 데쳐주세요.', '시금치는 물기를 꼭 짜고 다진마늘 1/2T, 소금 1/2t, 참기름 1/2T, 깨 1/2t를 넣고 조물조물 무쳐주세요.', '당근과 양파는 채썰어주세요.', '표고버섯도 채썰어 간장 2T, 설탕 1/2T, 참기름 1/2T를 넣고 조물조물 잘 무쳐주세요.', '팬에 기름을 두르고, 색깔이 연한 재료부터, 기름이 나오지 않는것부터 볶아주세요. 양파-당근-표고버섯-고기순으로 볶아주세요.팬을 1개만 쓰는 팁으로 색이 연한 재료부터 볶아주세요.', '재료들은 아삭하게 익을 정도로 볶아 한곳에 모아주세요.', '당면은 간장+콩기름 1국자씩을 넣은 물에 당면을 삶아주세요. 당면은 불려뒀기 때문에 1~2분정도만 삶아주세요.생략하셔도 상관없는 과정이지만 저희집은 이렇게 해먹는답니다.', '당면은 체에 걸러 건져내고, 다진마늘 1/2T, 간장 1/2T, 참기름을 넣고 버무려주세요.', '버무린 당면과 재료를 팬에 모두 넣어주고 휘릭 볶아주세요. 그리고 마지막으로 간은 간장,설탕or올리고당으로 맞춰주고 간을 하지 않아도 야채에 간이 베어 맛있어요.마무리로 참기름을 둘러주면 윤기가 돌아요.', '깨를 솔솔 뿌려주면 잡채 완성!']"
https://www.10000recipe.com/recipe/6862530,"['먼저 흙씹힘을 방지하기위해 시금치를 깨끗~하게 씻어주세요 꼭다리부분은 데치고나서 잘라도 되지만, 전 미리 잘라주었어요', '끓는물에 소금 반스푼을 넣고', '시금치를 넣어줍니당 30~40초정도 데쳐서 꺼내주라고 하던데 저는 아삭함이 좋아 20초정도만 데쳐주고 바로 건져냈어요 저처럼 아삭함이 좋으시면 30초 밑으로 일찍 건져주시고 조금 말랑하게 드시고 싶으시면 1분 안으로 건져주심 될것 같아요 쨋든 1분을 넘기면 식감이 별루에요ㅠㅠ', '건진 시금치는 찬물에 잠시 식혀주고 물기를 꽉 짜 먹기좋게 칼로 반을 잘라주었어요', '이제 볼에 넣고 양념만 하면 되는데요~ 다진마늘 반스푼과 국간장 2스푼 참기름 1스푼과 깨소금 팍팍 넣어 비닐장갑끼고 조물조물~ 해주었어요', '간이 모자라다면 소금을 조금 넣어주심 될것 같은데요 저는 간이 신기하게도 딱!! 맞더라구요 반찬이라서 밥이랑 먹어야되니 너무 심심해도 별로인것 같아요~', '요렇게 그릇에 덜어 밑반찬으로 먹어도 좋지만 김밥이나 잡채에도 넣어먹으면 짱이라는거 ~~!! 역시 살짝만 데치니 아삭함이 살아있어 더더 맛있는 시금치무침']"
https://www.10000recipe.com/recipe/6839901,"['먼저 토마토 껍질을 벗겨주려고 하는데, 가운데에 열십자 칼집을 내줍니다.', '이렇게 칼집을 낸 후 토마토 꼭지도 제거하는 것이 좋습니다. 전 데치고 꼭지를 제거해주었는데, 불편하더라구요.', '전기 포트를 이용하여 물을 끓여준 뒤에 냄비에 끓는 물을 부어주면 시간을 단축할 수 있어서 좋습니다. 1리터의 물을 넣어주었구요.', '끓는 물에 토마토를 넣어줍니다.', '이 때 토마토를 꺼내는 시간은 토마토 껍질이 일어나기 시작하면 되는 것입니다.', '자세히 보면 토마토 껍질이 일어나면서 살짝 껍질이 벗겨져 있는 것을 알 수 있지요? 이 때 꺼내시면 됩니다.', '찬물에서 열기를 식힌 뒤에 껍질을 벗겨줍니다. 힘들이지 않고 잘 벗겨진답니다.', '껍질을 벗긴 방울 토마토입니다.', '좀더 크게 보시면 확연히 다르죠?', '양파는 반 개를 곱게 다져줍니다. 양파를 쉽게 다지려면 가로, 세로 촘촘히 칼집을 낸 후 ( 양파 끝에는 칼집이 나지 않아야 하고요.) 썰어주면 다지기가 훨씬 쉽구요.', '집에서 화분에 키우는 바질입니다.', '굵게 가로 세로로 썰어주면 됩니다. 이 생바질이 없을 땐 병에 든 마른 바질을 사용하세요. 양은 좀 줄여서 넣어시고요. 왜냐하면 바질이 마르면 양이 훨씬 적어지기 때문이지요.', '볼에 다진 양파, 바질을 넣어줍니다.', '올리브유 2큰술 반 정도를 넣어주고', '발사믹 식초를 1큰술 넣어줍니다. 이 발사믹 식초는 요즘 대형 마트에서 쉽게 구입할 수가 있답니다. 발사믹 식초는 이탈리아의 전통 식초로, 샐러드의 드레싱 등에 쓰이는데요, 청포도 즙을 졸인 다음 나무로 된 통 속에서 발효시켜서 만든답니다.', '통후추도 약간 갈아서 넣어주고~ ( 전 통후추가 향이 좋아서 이것만 사용하게 되더라구요.)', '설탕도 3분의 1작은술을 넣어줍니다. 그런 다음 잘 섞어줍니다.', '데친 방울 토마토를 넣어서 다시 한번 잘 섞어줍니다.', '마지막으로 소금간을 약간 해줍니다. 3분의 1작은술을 넣어주었구요.', '완성된 방울 토마토 마리네이드입니다']"
https://www.10000recipe.com/recipe/6881430,"['재료는 분량대로 준비해주세요 ~모든 재료는 종이컵 분량이예요 :)', '냄비에 식용유와 참기름을 섞어서 1/2컵 넣어주시고썰어둔 대파를 넣어서 파기름을 만들어주세요', '파기름을 만들어주고 나서 다짐육 1컵을 넣고고기가 서로 들러붙지 않게 볶아주세요', '다짐육이 다 익으면 미리 다져서 준비해둔양파 2컵 분량을 몽땅 넣고 양파의 수분이날아갈때까지 볶아주시면 되요', '그리고 고춧가루 1컵반, 다진마늘 1/2컵, 굵은소금 1큰술, 설탕 1큰술반을 넣어주세요고춧가루만 넣어서 퍽퍽함이 느껴질때쯤 국간장과 진간장 반씩 섞어서 1/2컵을 넣고질퍽해질때까지 볶아주시면 양념장은 완성이예요 ~', '질퍽한 느낌 가득한 양념장이 완성 ~양념장을 다 만들었으니 이제 본격적으로 순두부찌개 만들어봐야겠쥬 ?양념장은 만들어서 바로 드시는것보다 냉동실에 잠깐 넣어두었다가 드시는게더 맛있게 드실수 있는 방법이라니 참고하세요저도 만들어서 바로 해먹을 분량만큼은 냉동실에 잠깐 넣어뒀다 해먹었어요', '전 2인분정도의 양이 나오는 작은 뚝배기를 사용했어요우선 물을 넣어주시면 되는데요 ~ 저는 종이컵으로 2/3컵 넣어주었어요백종원님이 물은 적다 싶을 정도로 조금만 넣어주시는게 좋다고 하셨는데요물과 양념의 양은 본인의 입맛에 맞게 조절하시면서 넣으시면 될것같아요~', '그리고 해감해둔 바지락을 넣고냉동실에 넣어두었던 양념을 2큰술 크게 떠서 넣어주세요바지락은 안넣으셔도 상관없어요 ~', '그리고 순두부를 반으로 잘라 넣어준뒤에수저로 뚝뚝 썰어주세요', '보글보글 끓어오르기 시작하면서 고추기름이 둥둥 떠오를때 계란과 쪽파,좀 더 얼큰한걸 원하시면 청양고추까지 ~ 넣어주시면 되요', '양념만드는데서 시간이 좀 들긴 했는데만들어두면 정말 뚝딱 완성되는 백종원 순두부찌개 ~청양고추까지 넣어줬더니 더욱 얼큰하니 좋더라구요둘이서 한뚝배기 탈탈 털어먹었..ㅋㅋㅋ']"
https://www.10000recipe.com/recipe/6939964,"['껍질을 제거한 고구마줄기1kg을 깨끗이 씻어준다마트에서 고구마순을 많이 사서 고구마순김치를 많이 만들었다', '냄비에 물을 붓고 소금2T를 넣고 끓인다', '고구마순을 30초 정도 삶아준다', '삶은 고구마순을 찬물에 헹궈준다', '고구마순을 4~5cm 정도의 길이로 잘라준다', '홍고추2개를 어슷썰기한다', '양파1/2를 채썰어준다', '고구마순김치 양념(껍질을 제거한 고구마줄기1kg 기준)고춧가루6T,다진마늘3T,매실청8T,액젓6T,소금3T를 섞어준다', '찹쌀풀3T를 준비한다', '준비해둔 고구마순,홍고추,양파를 섞어준다', '큰 그릇에 고구마줄기,홍고추,양파를 넣고 김치 양념을 넣고 버무려준다', '고구마순김치를 버무리니 정말 맛있는 냄새가 난다', '고구마순김치 만들고 나니 뿌듯하고 기분이 좋으네요국에 밥을 말아서 먹을 때도 고구마순김치를 곁들이면 너무 맛있어요>', '정성이 들어가는 맛있는 고구마순김치 담그는 법이었습니다^^']"
https://www.10000recipe.com/recipe/6898287,"['먼저 밤 삶기 전 육안으로 보이는 구멍 난 밤들을 골라낸 후 흐르는 물에 밤을 깨끗이 세척해주세요.', '밤이 잠길 정도의 물을 부은 다음 물 위에 뜨는 밤을 제거한 뒤 소금 1 큰 술을 넣고 잘 섞어 30분 이상 밤을 담가두고요.(물 위에 뜨는 밤은 벌레 먹었거나 상했을 수 있음)30분 이상 소금물에 담가 둔 밤은 흐르는 물에 가볍게 씻은 후 체에 밭쳐 물기를 빼주세요.* 밤을 소금물에 담가두면 밤 속에 숨어 있는 벌레들이 알아서 나온다고 하는데요.30분 가지고는 어림도 없는 것 같더라고요.최소 1시간 이상 ~ 반나절 정도는 담가둬야 할 듯싶어요.', '찜기에 물을 적당히 붓고 끓어오르면 밤을 올린 뒤 뚜껑을 닫고 중약불에서 25 ~ 30분 정도 푹 쪄주기만 하면 끝!', '30분 후 뚜껑을 열자 김이 모락모락 ~맛있게 잘 익은 밤이 모습을 드러내요 +_+', '잘 익은 밤을 한 김 식힌 후 과도를 이용해 밑부분부터 껍질을 쓱쓱 까서 알맹이만 쏘옥 빼내 맛있게 냠냠 ~ ♩']"
https://www.10000recipe.com/recipe/6875568,"['멸치는 냉동실에 있던 거라서 팬에 재빨리 볶아서 비린내를 날려주세요.', '작은 멸치라서 따로 손질은 안 했지만.... 손질하면 더 좋겠죠?볶은 멸치는 팬에서 꺼내 놓아주세요.멸치 손질법 레시피', '간장 4, 올리고당2, 설탕2, 다진마늘1/2, 맛술2, 참기름1/2 의 비율로 넣었는데단것을 좋아하나? 하시겠죠? 올리고당과 설탕을 2큰술씩 넣었으니까요. ^^ 꽈리고추인데 너무 매운거예요. ㅠ.ㅠ청양고추급의 꽈리고추였어요. 그래서 어쩔 수 없이 단맛이 많이 들어갔어요. 맵지 않으면 단맛은 조절하셔야겠죠.', '일단 양념장은 이렇게 만들었어요. 밑에 설탕이 가라앉아 있으니 잘 저어주세요.', '꽈리고추는 씻어서 큰 것은 절반씩 잘라줬어요.자르는데도 매운 냄새가 코를 찌르더라고요. ㅠ.ㅠ 물에 10분 담갔는데도 맵....', '아까 멸치 볶았던 팬에 꽈리고추를 넣고 양념장을 부어서 고추에 스며들게 볶아요.', '꽈리고추에 양념이 스며들면 볶았던 멸치를 넣고 섞어줍니다.', '마지막으로 참기름 1큰술과 통깨를 뿌려주면 꽈리고추멸치볶음으로 밑반찬이 완성되었어요.']"
https://www.10000recipe.com/recipe/6922072,"['계란은 깨준 후 후추 톡톡 한 꼬집정도 넣고 풀어주세요.계란물을 한번 체에 걸러주시면 더 부드럽게 호로록 마실 수 있도록 만들 수 있답니다.', '대파는 1/2대정도 송송 썰어주었어요.계란국에는 이렇게 대파만 들어가도 색감이 살고 다른 많은 재료가 필요하지 않아 좋은 것 같아요.', '물은 600ml정도를 냄비에 담아 팔팔 끓여준 후 끓어오르면 국간장 1큰술과 다진마늘 1/2큰술을 넣어 끓여주세요.', '그리고 후추를 살짝 톡톡 해주고간을 봐준 후 소금으로 살짝 간 해주세요.저는 한 꼬집정도 넣어주었어요.', '이제 준비해둔 잘 풀어둔 계란물을 넣어주면 되는데요.이때 한번에 휙 넣는게 아니라팔팔 끓는 물에 빙글빙글 원을 그리며 안쪽으로 원을 그려주듯 넣어주면 돼요.이때 절대 계란물은 휘젓지 말아주세요.휘저으면 국물도 지저분해지고 계란 식감이 살지 않아 맛이 없더라구요.', '계란을 넣으면 이렇게 거품이 뜨는데 거품이 보기 싫으면 간단하게 제거해주셔도 좋아요.', '썰어둔 대파까지 모두 넣어주면 계란국 끓이는법 끝참 쉬우면서도 맛은 좋고 또 부드럽게 아침 국으로도 좋은 메뉴인 것 같아요.5분이면 뚝딱 끓이는 간단한 국요리랍니다.']"
https://www.10000recipe.com/recipe/6892852,"['맛있는 밥도둑갈치조림 만들기 ♬♪', '· 냉동 갈치는 해동 겸 비린내 제거를 위해쌀뜨물에 20분가량 담가 놨습니다', '· 무를 반달 모양으로 잘라줍니다- 저는 마트에서 파는 절단무 하나를 사용했는데 높이가 약 10cm라고 생각하시면 됩니다 :)', '· 대파 쫑쫑 썰어주고청양고추도 기호에 따라 썰어줍니다', '· 물 3컵, 썰어놓은 무, 다시마 5장 (2x3 크기)넣고 끓여주다가 물이 끓으면 다시마만 빼 줍니다- 저는 쌀뜨물을 사용했어요 :)', '· 갈치조림 양념장을 만들어줍니다', '※ 갈치조림 양념【 진간장 6 큰 술, 고춧가루 2 큰 술, 다진 마늘 1 큰 술, 다진 생강 0.5 큰 술, 맛술 2 큰 술, 설탕 1 큰 술, 올리고당 1 큰 술, 후춧가루 약간 】-밥숟가락 계량( 입맛에 따라 원하는 양념을 가감해주세요 :D)', '· 앞에 끓여놓은 육수에 갈치를 넣어주고', '· 양념장을 골고루 얹어준 뒤중불에서 뚜껑 닫고 끓여줍니다', '· 저처럼 맞는 뚜껑이 없으신 분들은 쿠킹 포일로 감싸 주시면 됩니다 :)', '· 국물이 반쯤 졸았을 때', '대파와 청양고추를 넣고국물을 끼얹어가면서 끓여줍니다- 갈치를 뒤집으면서 익히면 살이 다 부서져서 지저분해 보여요 ㅠㅠㅠ', '· 자작하게 졸아들면 완성!!!- 접시에 옮길 때도 갈치가 부서지기 쉬우니 집게 말고 뒤집개나 국자로 조심스럽게 옮겨주세요 :)', '매콤한 양념과 고소한 갈치살매콤 달콤한 밥도둑갈치조림']"
https://www.10000recipe.com/recipe/6866483,"['달걀은 소금 한꼬집 넣어 잘 풀어주세요달걀 3알, 소금 한꼬집', '냄비에 물 붓고 다시마, 멸치를 넣어 센불에서 끓이다 끓어오르면 중약불로 줄여 약 10-15분 정도 더 끓여서 밑국물을 만들어 주세요.다시마, 멸치, 물센불-중약불사실 전 귀찮을 땐 밑국물은 패스하고 그냥 맹물에 만들기도 해요^^;;', '약 10-15분 후, 밑국물 재료는 건져내고 액젓 1t를 넣어주세요.액젓 1t중불', '그 다음 달걀물을 원을 그리듯이 부어주세요.달걀중불', '약 30초 있다가 한번 휘이 저어주세요.중불뭉친 달걀이 좋으시면 조금 더 있다가 저어주시고 흐트러지는 달걀이 좋으시면 빨리 저어주세요.', '불끄고 송송 썬 파 1T 넣고 부족한 간은 소금으로 하면 완성입니다.송송 썬 파간이 많이 부족하다 생각되시면 액젓 0.5t만 살짝 더 추가하고 소금으로 간 맞춰주세요.']"
https://www.10000recipe.com/recipe/6882083,"['전복죽은 전복손질만하면 그리 어려운요리는 아니에요. 칫솔로 전복 배부분과 껍질은 문질러서 깨끗하게 씻구요칫솔전복 손질법 레시피\u200b', '전복 가쪽을 숟가락으로 살살 돌리면 가운데로 움찔하는데 그때 숟가락으로 긁어서 떼어냅니다숟가락', '내장과 살을 빨간선을따라 잘라서 분리.도마,조리용나이프', '전복은 나중에 고명으로올릴 하나빼고 모두 다지기. 전복이 미끄러우니 손조심하세요.', '나머지 야채들도 곱게 다지기. 야채는 양파는 필수고 나머지는 집에있는 자투리야채들 활용하시면 되요.', '그리고 분리해두었던 전복내장은 믹서기에 물과함께 곱게 갈아냅니다. 죽끓일때 채에 걸러내는 방법도 있는데 믹서기로 갈아서 사용하는것이 더 완전하게 내장을 100% 사용할수가 있어서 전 믹서기에 갈아서 사용해요.믹서기', '팬에 참기름을 두르고 양파먼저 볶구요. 전 찬밥을 이용할꺼지만 쌀을 이용하신다면 30분이상 불려둔쌀을 함께 볶아주세요멀티팬,요리스푼', '당근, 버섯, 전복넣고 볶기. 물을넣어 푹 끓일것임으로 볶는순서는 중요하지않아요', '전복내장 넣어주기', '물을 밥량 두배이상으로 넣어주고 (쌀사용시4배이상)', '밥도 풍덩 해줍니다. 물은 요리중 모자르다싶으면 중간중간 더 추가해주시면 되니 물량을 정확하게 맞추실필요는 없어요', '국간장 한스푼넣어 기본간 맞춰주구요. 나머지 모자른간은 다 끓인후에 취향에따라 소금으로 맞춰주시면 되요.', '보글보글 끓기 시작하면 한번씩 저어주면서 물이 다 졸아들고 밥알이 푹 퍼질때까지 끓여주면 끝', '통으로 넣었던 전복을 얇게썰어서 밥위에 올려주시면 더욱 맛있어보이는 세팅을 하실수가 있답니다. 전복손질과 끓이는시간이 걸려서그렇지 어렵지않은 요리에요.^^국자,대접']"
https://www.10000recipe.com/recipe/6920521,"['양파와 당근은 채썰어 준비해주세요 느타리가 길쭉해서 채홽어 볶아 주시면 먹기도 편해요', '양념은 미리 만들어 두세요 간장 1큰술 다진마늘1큰술 참기름 1큰술 넣고 양념 골고루 섞어주세요', '느타리는 끓는 물에 소금 조금 넣고 살짝 데쳐주세요 느타리버섯 데쳐줘야 쫄깃한 식감이 있어요 데친 느타리 버섯은 찬물에 헹궈 물기를 꼭 짜주세요', '팬에 식용유를 넣고 당근 먼저 볶아주세요 당근이 어느정도 익으면 양파 넣고 볶아주세요 중불 물기제거한 느타리버섯을 넣고 볶아주시는데 수분이 살짝 날아갈 정도로 볶아 주세요', '미리 준비한 양념장을 넣어 볶아주시고 싱거우면 소금을 간을 해주세요 느타리 버섯볶음에 깊은맛을 내고 싶으면 물기를 제거한 느타리에 미리 준비한 양념을 넣고 먼저 버무려 준비해줬다가 볶아주면 조금더 깊은 맛이 나요', '느타리버섯 볶음 완성입니다 느타리버섯 볶음은 간편하면서 밑반찬으로 최고인거같아요 느타리 쫄깃한 식감이 아삭한 당근과 함께 먹으면 맛있어요']"
https://www.10000recipe.com/recipe/6833097,"['신김치를 먹기좋은 크기로 한공기 정도 썰어주세요,김치가 너무 시었을때는 씻어서 사용하시구 고추가루를 넣어 얼큰한 맛을 냅니다. ^^', '김치국물도 같이 넣어줘야 맛나요,', '콩나물도 깨끗이 씻어주구요,', '냄비에 물 1리터정도 넣고 국물 멸치를 5분 정도 끓이다가 멸치를 건지고 김치를 먼저 팔팔 끓입니다. 저는 중간멸치라서 김치랑 넣고 같이 끓여요^^', '김치가 팔팔 끓으면 불순물을 국자로 좀 떠주세요, 고추가루때문에 자꾸만 거품이 생기는데 서너번정도만 떠내 주면 되요^^', '김치를 5분 이상 팔팔 끓이고 콩나물을 넣고 또 끓입니다 .이때 물이 너무 적으면 더 넣어주시구요!', '어느정도 끓이다가 국간장도 한숟갈 넣어 끓입니다. 모자란 간은 소금으로 맞추세요^^', '고추가루도 한스푼 넣어주구요 마늘도 반숟갈, 파도 송송 썰어 넣어 우르르 끓입니다.', '사실 김치국이 얼큰하긴 한데 더 칼칼한 맛을 원하실땐 청양고추를 넣어주시면 되요^^', '얼큰하게 끓인 김치콩나물국 한그릇이 아침을 개운하게 만들어 주네요^^']"
https://www.10000recipe.com/recipe/6900758,"['등갈비는 600g을 사용해서 만들었어요등갈비 600g구이용이라면 뼈부분에 가까이 칼을 대어 잘라주시면 되고요 전 찜용이기 때문에 살 가운데를 잘라서 고르게 손질했답니다:)', '자른 등갈비는 깨끗한 물에 담궈 핏물을 제거 해 주시면 더 좋아요 :)', '끓는 물에 월계수 잎과 통후추를 넣은 뒤 한번 삶아주세요월계수 잎과 통후추 조금통후추가 없다면 인스턴트 커피나 남은 소주 같은걸 활용해도 좋아요 :)', '한번 삶은 갈비는 깨끗한 물에서 씻어 불순물을 제거 한 뒤 웍이나 냄비에 담아주세요', '물 350ml에 설탕 2Ts, 간장 4Ts, 매실액 1Ts, 물엿 2Ts, 맛술 2Ts, 참기름 1Ts, 다진 마늘 2Ts까지 넣어서 양념장을 만들어주세요물 350ml 설탕 2Ts, 간장 4Ts, 매실액 1Ts, 물엿 2Ts, 맛술 2Ts, 참기름 1Ts, 다진 마늘 2Ts', '만들어진 양념을 등갈비를 담은 웍에 부어주세요물엿이 없다면 꿀이나 올리고당을 넣으셔도 된답니다:)', '썰어 놓은 파채가 있어서 조금 올려주고 마늘 5톨도 함께 넣어줬어요 파채는 생략하셔도 된답니다 :)마늘 5톨', '센불에서 30분 정도 끓여주시면 되는데요 센불에서 끓이다가 국물이 자작해지면 중약불로 줄이셔서 천천히 졸이시는게 좋아요 :)센불에서 중약불로 조절', '쪽파를 조금 썰어 고명으로 올리고 통깨를 넉넉하게 뿌려서 더 먹음직스럽게!! 이건 정말 황금레시피가 아닌 명품레시피라는거 ㅋㅋ 추천 드리고 싶은 요리에요!!']"